2025-02-11 06:23:16,823 - DEBUG - Starting new HTTP connection (1): api.openweathermap.org:80
2025-02-11 06:23:17,050 - DEBUG - http://api.openweathermap.org:80 "GET / HTTP/1.1" 301 166
2025-02-11 06:23:17,051 - DEBUG - Starting new HTTP connection (1): openweathermap.org:80
2025-02-11 06:23:15,771 - DEBUG - http://openweathermap.org:80 "GET /api HTTP/1.1" 301 169
2025-02-11 06:23:15,773 - DEBUG - Starting new HTTPS connection (1): openweathermap.org:443
2025-02-11 06:23:16,781 - DEBUG - https://openweathermap.org:443 "GET /api HTTP/1.1" 200 None
2025-02-11 06:23:16,807 - DEBUG - Intentando obtener clima de URL: http://api.openweathermap.org/data/2.5/weather?q=Popayan&appid=f6ef2198b35c024d94abdd27248f21fc&units=metric
2025-02-11 06:23:16,814 - DEBUG - Starting new HTTP connection (1): api.openweathermap.org:80
2025-02-11 06:23:17,086 - DEBUG - http://api.openweathermap.org:80 "GET /data/2.5/weather?q=Popayan&appid=f6ef2198b35c024d94abdd27248f21fc&units=metric HTTP/1.1" 401 108
2025-02-11 06:23:17,086 - ERROR - Error en la petición: 401 Client Error: Unauthorized for url: http://api.openweathermap.org/data/2.5/weather?q=Popayan&appid=f6ef2198b35c024d94abdd27248f21fc&units=metric
2025-02-11 06:23:24,991 - DEBUG - Starting new HTTP connection (1): api.openweathermap.org:80
2025-02-11 06:23:25,229 - DEBUG - http://api.openweathermap.org:80 "GET / HTTP/1.1" 301 166
2025-02-11 06:23:25,230 - DEBUG - Starting new HTTP connection (1): openweathermap.org:80
2025-02-11 06:23:25,704 - DEBUG - http://openweathermap.org:80 "GET /api HTTP/1.1" 301 169
2025-02-11 06:23:25,705 - DEBUG - Starting new HTTPS connection (1): openweathermap.org:443
2025-02-11 06:23:26,619 - DEBUG - https://openweathermap.org:443 "GET /api HTTP/1.1" 200 None
2025-02-11 06:23:26,629 - DEBUG - Intentando obtener clima de URL: http://api.openweathermap.org/data/2.5/weather?q=Popayan&appid=f6ef2198b35c024d94abdd27248f21fc&units=metric
2025-02-11 06:23:26,630 - DEBUG - Starting new HTTP connection (1): api.openweathermap.org:80
2025-02-11 06:23:26,870 - DEBUG - http://api.openweathermap.org:80 "GET /data/2.5/weather?q=Popayan&appid=f6ef2198b35c024d94abdd27248f21fc&units=metric HTTP/1.1" 401 108
2025-02-11 06:23:26,871 - ERROR - Error en la petición: 401 Client Error: Unauthorized for url: http://api.openweathermap.org/data/2.5/weather?q=Popayan&appid=f6ef2198b35c024d94abdd27248f21fc&units=metric
2025-02-11 06:23:35,051 - DEBUG - Starting new HTTP connection (1): api.openweathermap.org:80
2025-02-11 06:23:35,305 - DEBUG - http://api.openweathermap.org:80 "GET / HTTP/1.1" 301 166
2025-02-11 06:23:35,306 - DEBUG - Starting new HTTP connection (1): openweathermap.org:80
2025-02-11 06:23:35,771 - DEBUG - http://openweathermap.org:80 "GET /api HTTP/1.1" 301 169
2025-02-11 06:23:35,772 - DEBUG - Starting new HTTPS connection (1): openweathermap.org:443
2025-02-11 06:23:36,697 - DEBUG - https://openweathermap.org:443 "GET /api HTTP/1.1" 200 None
2025-02-11 06:23:36,826 - DEBUG - Intentando obtener clima de URL: http://api.openweathermap.org/data/2.5/weather?q=Popayan&appid=f6ef2198b35c024d94abdd27248f21fc&units=metric
2025-02-11 06:23:36,827 - DEBUG - Starting new HTTP connection (1): api.openweathermap.org:80
2025-02-11 06:23:37,064 - DEBUG - http://api.openweathermap.org:80 "GET /data/2.5/weather?q=Popayan&appid=f6ef2198b35c024d94abdd27248f21fc&units=metric HTTP/1.1" 401 108
2025-02-11 06:23:37,064 - ERROR - Error en la petición: 401 Client Error: Unauthorized for url: http://api.openweathermap.org/data/2.5/weather?q=Popayan&appid=f6ef2198b35c024d94abdd27248f21fc&units=metric
2025-02-11 06:23:45,039 - DEBUG - Starting new HTTP connection (1): api.openweathermap.org:80
2025-02-11 06:23:45,285 - DEBUG - http://api.openweathermap.org:80 "GET / HTTP/1.1" 301 166
2025-02-11 06:23:45,286 - DEBUG - Starting new HTTP connection (1): openweathermap.org:80
2025-02-11 06:23:45,798 - DEBUG - http://openweathermap.org:80 "GET /api HTTP/1.1" 301 169
2025-02-11 06:23:45,799 - DEBUG - Starting new HTTPS connection (1): openweathermap.org:443
2025-02-11 06:23:46,790 - DEBUG - https://openweathermap.org:443 "GET /api HTTP/1.1" 200 None
2025-02-11 06:23:46,835 - DEBUG - Intentando obtener clima de URL: http://api.openweathermap.org/data/2.5/weather?q=Popayan&appid=f6ef2198b35c024d94abdd27248f21fc&units=metric
2025-02-11 06:23:46,836 - DEBUG - Starting new HTTP connection (1): api.openweathermap.org:80
2025-02-11 06:23:47,064 - DEBUG - http://api.openweathermap.org:80 "GET /data/2.5/weather?q=Popayan&appid=f6ef2198b35c024d94abdd27248f21fc&units=metric HTTP/1.1" 401 108
2025-02-11 06:23:47,065 - ERROR - Error en la petición: 401 Client Error: Unauthorized for url: http://api.openweathermap.org/data/2.5/weather?q=Popayan&appid=f6ef2198b35c024d94abdd27248f21fc&units=metric
2025-02-11 06:23:53,150 - DEBUG - Starting new HTTP connection (1): api.openweathermap.org:80
2025-02-11 06:23:53,405 - DEBUG - http://api.openweathermap.org:80 "GET / HTTP/1.1" 301 166
2025-02-11 06:23:53,406 - DEBUG - Starting new HTTP connection (1): openweathermap.org:80
2025-02-11 06:23:53,880 - DEBUG - http://openweathermap.org:80 "GET /api HTTP/1.1" 301 169
2025-02-11 06:23:53,882 - DEBUG - Starting new HTTPS connection (1): openweathermap.org:443
2025-02-11 06:23:54,765 - DEBUG - https://openweathermap.org:443 "GET /api HTTP/1.1" 200 None
2025-02-11 06:23:54,864 - DEBUG - Intentando obtener clima de URL: http://api.openweathermap.org/data/2.5/weather?q=Popayan&appid=f6ef2198b35c024d94abdd27248f21fc&units=metric
2025-02-11 06:23:54,865 - DEBUG - Starting new HTTP connection (1): api.openweathermap.org:80
2025-02-11 06:23:55,096 - DEBUG - http://api.openweathermap.org:80 "GET /data/2.5/weather?q=Popayan&appid=f6ef2198b35c024d94abdd27248f21fc&units=metric HTTP/1.1" 401 108
2025-02-11 06:23:55,096 - ERROR - Error en la petición: 401 Client Error: Unauthorized for url: http://api.openweathermap.org/data/2.5/weather?q=Popayan&appid=f6ef2198b35c024d94abdd27248f21fc&units=metric
2025-02-11 06:24:03,175 - DEBUG - Starting new HTTP connection (1): api.openweathermap.org:80
2025-02-11 06:24:03,409 - DEBUG - http://api.openweathermap.org:80 "GET / HTTP/1.1" 301 166
2025-02-11 06:24:03,410 - DEBUG - Starting new HTTP connection (1): openweathermap.org:80
2025-02-11 06:24:03,850 - DEBUG - http://openweathermap.org:80 "GET /api HTTP/1.1" 301 169
2025-02-11 06:24:03,851 - DEBUG - Starting new HTTPS connection (1): openweathermap.org:443
2025-02-11 06:24:04,783 - DEBUG - https://openweathermap.org:443 "GET /api HTTP/1.1" 200 None
2025-02-11 06:24:04,840 - DEBUG - Intentando obtener clima de URL: http://api.openweathermap.org/data/2.5/weather?q=Popayan&appid=f6ef2198b35c024d94abdd27248f21fc&units=metric
2025-02-11 06:24:04,841 - DEBUG - Starting new HTTP connection (1): api.openweathermap.org:80
2025-02-11 06:24:05,094 - DEBUG - http://api.openweathermap.org:80 "GET /data/2.5/weather?q=Popayan&appid=f6ef2198b35c024d94abdd27248f21fc&units=metric HTTP/1.1" 401 108
2025-02-11 06:24:05,095 - ERROR - Error en la petición: 401 Client Error: Unauthorized for url: http://api.openweathermap.org/data/2.5/weather?q=Popayan&appid=f6ef2198b35c024d94abdd27248f21fc&units=metric
2025-02-11 06:24:13,163 - DEBUG - Starting new HTTP connection (1): api.openweathermap.org:80
2025-02-11 06:24:13,408 - DEBUG - http://api.openweathermap.org:80 "GET / HTTP/1.1" 301 166
2025-02-11 06:24:13,409 - DEBUG - Starting new HTTP connection (1): openweathermap.org:80
2025-02-11 06:24:13,925 - DEBUG - http://openweathermap.org:80 "GET /api HTTP/1.1" 301 169
2025-02-11 06:24:13,926 - DEBUG - Starting new HTTPS connection (1): openweathermap.org:443
2025-02-11 06:24:14,857 - DEBUG - https://openweathermap.org:443 "GET /api HTTP/1.1" 200 None
2025-02-11 06:24:14,889 - DEBUG - Intentando obtener clima de URL: http://api.openweathermap.org/data/2.5/weather?q=Popayan&appid=f6ef2198b35c024d94abdd27248f21fc&units=metric
2025-02-11 06:24:14,889 - DEBUG - Starting new HTTP connection (1): api.openweathermap.org:80
2025-02-11 06:24:15,133 - DEBUG - http://api.openweathermap.org:80 "GET /data/2.5/weather?q=Popayan&appid=f6ef2198b35c024d94abdd27248f21fc&units=metric HTTP/1.1" 401 108
2025-02-11 06:24:15,134 - ERROR - Error en la petición: 401 Client Error: Unauthorized for url: http://api.openweathermap.org/data/2.5/weather?q=Popayan&appid=f6ef2198b35c024d94abdd27248f21fc&units=metric
2025-02-11 06:24:21,365 - DEBUG - Starting new HTTP connection (1): api.openweathermap.org:80
2025-02-11 06:24:21,601 - DEBUG - http://api.openweathermap.org:80 "GET / HTTP/1.1" 301 166
2025-02-11 06:24:21,602 - DEBUG - Starting new HTTP connection (1): openweathermap.org:80
2025-02-11 06:24:22,120 - DEBUG - http://openweathermap.org:80 "GET /api HTTP/1.1" 301 169
2025-02-11 06:24:22,122 - DEBUG - Starting new HTTPS connection (1): openweathermap.org:443
2025-02-11 06:24:23,029 - DEBUG - https://openweathermap.org:443 "GET /api HTTP/1.1" 200 None
2025-02-11 06:24:23,068 - DEBUG - Intentando obtener clima de URL: http://api.openweathermap.org/data/2.5/weather?q=Popayan&appid=f6ef2198b35c024d94abdd27248f21fc&units=metric
2025-02-11 06:24:23,069 - DEBUG - Starting new HTTP connection (1): api.openweathermap.org:80
2025-02-11 06:24:23,298 - DEBUG - http://api.openweathermap.org:80 "GET /data/2.5/weather?q=Popayan&appid=f6ef2198b35c024d94abdd27248f21fc&units=metric HTTP/1.1" 401 108
2025-02-11 06:24:23,299 - ERROR - Error en la petición: 401 Client Error: Unauthorized for url: http://api.openweathermap.org/data/2.5/weather?q=Popayan&appid=f6ef2198b35c024d94abdd27248f21fc&units=metric
2025-02-11 06:24:31,363 - DEBUG - Starting new HTTP connection (1): api.openweathermap.org:80
2025-02-11 06:24:31,610 - DEBUG - http://api.openweathermap.org:80 "GET / HTTP/1.1" 301 166
2025-02-11 06:24:31,611 - DEBUG - Starting new HTTP connection (1): openweathermap.org:80
2025-02-11 06:24:32,117 - DEBUG - http://openweathermap.org:80 "GET /api HTTP/1.1" 301 169
2025-02-11 06:24:32,119 - DEBUG - Starting new HTTPS connection (1): openweathermap.org:443
2025-02-11 06:24:33,024 - DEBUG - https://openweathermap.org:443 "GET /api HTTP/1.1" 200 None
2025-02-11 06:24:33,031 - DEBUG - Intentando obtener clima de URL: http://api.openweathermap.org/data/2.5/weather?q=Popayan&appid=f6ef2198b35c024d94abdd27248f21fc&units=metric
2025-02-11 06:24:33,032 - DEBUG - Starting new HTTP connection (1): api.openweathermap.org:80
2025-02-11 06:24:33,284 - DEBUG - http://api.openweathermap.org:80 "GET /data/2.5/weather?q=Popayan&appid=f6ef2198b35c024d94abdd27248f21fc&units=metric HTTP/1.1" 401 108
2025-02-11 06:24:33,285 - ERROR - Error en la petición: 401 Client Error: Unauthorized for url: http://api.openweathermap.org/data/2.5/weather?q=Popayan&appid=f6ef2198b35c024d94abdd27248f21fc&units=metric
2025-02-11 06:24:41,364 - DEBUG - Starting new HTTP connection (1): api.openweathermap.org:80
2025-02-11 06:24:41,597 - DEBUG - http://api.openweathermap.org:80 "GET / HTTP/1.1" 301 166
2025-02-11 06:24:41,598 - DEBUG - Starting new HTTP connection (1): openweathermap.org:80
2025-02-11 06:24:42,042 - DEBUG - http://openweathermap.org:80 "GET /api HTTP/1.1" 301 169
2025-02-11 06:24:42,043 - DEBUG - Starting new HTTPS connection (1): openweathermap.org:443
2025-02-11 06:24:42,935 - DEBUG - https://openweathermap.org:443 "GET /api HTTP/1.1" 200 None
2025-02-11 06:24:42,969 - DEBUG - Intentando obtener clima de URL: http://api.openweathermap.org/data/2.5/weather?q=Popayan&appid=f6ef2198b35c024d94abdd27248f21fc&units=metric
2025-02-11 06:24:42,970 - DEBUG - Starting new HTTP connection (1): api.openweathermap.org:80
2025-02-11 06:24:43,223 - DEBUG - http://api.openweathermap.org:80 "GET /data/2.5/weather?q=Popayan&appid=f6ef2198b35c024d94abdd27248f21fc&units=metric HTTP/1.1" 401 108
2025-02-11 06:24:43,224 - ERROR - Error en la petición: 401 Client Error: Unauthorized for url: http://api.openweathermap.org/data/2.5/weather?q=Popayan&appid=f6ef2198b35c024d94abdd27248f21fc&units=metric
2025-02-11 06:24:49,584 - DEBUG - Starting new HTTP connection (1): api.openweathermap.org:80
2025-02-11 06:24:49,820 - DEBUG - http://api.openweathermap.org:80 "GET / HTTP/1.1" 301 166
2025-02-11 06:24:49,821 - DEBUG - Starting new HTTP connection (1): openweathermap.org:80
2025-02-11 06:24:50,301 - DEBUG - http://openweathermap.org:80 "GET /api HTTP/1.1" 301 169
2025-02-11 06:24:50,302 - DEBUG - Starting new HTTPS connection (1): openweathermap.org:443
2025-02-11 06:24:51,243 - DEBUG - https://openweathermap.org:443 "GET /api HTTP/1.1" 200 None
2025-02-11 06:24:51,271 - DEBUG - Intentando obtener clima de URL: http://api.openweathermap.org/data/2.5/weather?q=Popayan&appid=f6ef2198b35c024d94abdd27248f21fc&units=metric
2025-02-11 06:24:51,272 - DEBUG - Starting new HTTP connection (1): api.openweathermap.org:80
2025-02-11 06:24:51,505 - DEBUG - http://api.openweathermap.org:80 "GET /data/2.5/weather?q=Popayan&appid=f6ef2198b35c024d94abdd27248f21fc&units=metric HTTP/1.1" 401 108
2025-02-11 06:24:51,505 - ERROR - Error en la petición: 401 Client Error: Unauthorized for url: http://api.openweathermap.org/data/2.5/weather?q=Popayan&appid=f6ef2198b35c024d94abdd27248f21fc&units=metric
2025-02-11 06:24:59,562 - DEBUG - Starting new HTTP connection (1): api.openweathermap.org:80
2025-02-11 06:24:59,798 - DEBUG - http://api.openweathermap.org:80 "GET / HTTP/1.1" 301 166
2025-02-11 06:24:59,799 - DEBUG - Starting new HTTP connection (1): openweathermap.org:80
2025-02-11 06:25:00,342 - DEBUG - http://openweathermap.org:80 "GET /api HTTP/1.1" 301 169
2025-02-11 06:25:00,343 - DEBUG - Starting new HTTPS connection (1): openweathermap.org:443
2025-02-11 06:25:02,059 - DEBUG - https://openweathermap.org:443 "GET /api HTTP/1.1" 200 None
2025-02-11 06:25:02,060 - DEBUG - Intentando obtener clima de URL: http://api.openweathermap.org/data/2.5/weather?q=Popayan&appid=f6ef2198b35c024d94abdd27248f21fc&units=metric
2025-02-11 06:25:02,061 - DEBUG - Starting new HTTP connection (1): api.openweathermap.org:80
2025-02-11 06:25:02,313 - DEBUG - http://api.openweathermap.org:80 "GET /data/2.5/weather?q=Popayan&appid=f6ef2198b35c024d94abdd27248f21fc&units=metric HTTP/1.1" 401 108
2025-02-11 06:25:02,314 - ERROR - Error en la petición: 401 Client Error: Unauthorized for url: http://api.openweathermap.org/data/2.5/weather?q=Popayan&appid=f6ef2198b35c024d94abdd27248f21fc&units=metric
2025-02-11 06:25:09,567 - DEBUG - Starting new HTTP connection (1): api.openweathermap.org:80
2025-02-11 06:25:09,811 - DEBUG - http://api.openweathermap.org:80 "GET / HTTP/1.1" 301 166
2025-02-11 06:25:09,812 - DEBUG - Starting new HTTP connection (1): openweathermap.org:80
2025-02-11 06:25:10,330 - DEBUG - http://openweathermap.org:80 "GET /api HTTP/1.1" 301 169
2025-02-11 06:25:10,331 - DEBUG - Starting new HTTPS connection (1): openweathermap.org:443
2025-02-11 06:25:11,254 - DEBUG - https://openweathermap.org:443 "GET /api HTTP/1.1" 200 None
2025-02-11 06:25:11,273 - DEBUG - Intentando obtener clima de URL: http://api.openweathermap.org/data/2.5/weather?q=Popayan&appid=f6ef2198b35c024d94abdd27248f21fc&units=metric
2025-02-11 06:25:11,274 - DEBUG - Starting new HTTP connection (1): api.openweathermap.org:80
2025-02-11 06:25:11,514 - DEBUG - http://api.openweathermap.org:80 "GET /data/2.5/weather?q=Popayan&appid=f6ef2198b35c024d94abdd27248f21fc&units=metric HTTP/1.1" 401 108
2025-02-11 06:25:11,515 - ERROR - Error en la petición: 401 Client Error: Unauthorized for url: http://api.openweathermap.org/data/2.5/weather?q=Popayan&appid=f6ef2198b35c024d94abdd27248f21fc&units=metric
2025-02-11 06:25:17,709 - DEBUG - Starting new HTTP connection (1): api.openweathermap.org:80
2025-02-11 06:25:18,073 - DEBUG - http://api.openweathermap.org:80 "GET / HTTP/1.1" 301 166
2025-02-11 06:25:18,074 - DEBUG - Starting new HTTP connection (1): openweathermap.org:80
2025-02-11 06:25:18,514 - DEBUG - http://openweathermap.org:80 "GET /api HTTP/1.1" 301 169
2025-02-11 06:25:18,515 - DEBUG - Starting new HTTPS connection (1): openweathermap.org:443
2025-02-11 06:25:19,501 - DEBUG - https://openweathermap.org:443 "GET /api HTTP/1.1" 200 None
2025-02-11 06:25:19,521 - DEBUG - Intentando obtener clima de URL: http://api.openweathermap.org/data/2.5/weather?q=Popayan&appid=f6ef2198b35c024d94abdd27248f21fc&units=metric
2025-02-11 06:25:19,522 - DEBUG - Starting new HTTP connection (1): api.openweathermap.org:80
2025-02-11 06:25:19,758 - DEBUG - http://api.openweathermap.org:80 "GET /data/2.5/weather?q=Popayan&appid=f6ef2198b35c024d94abdd27248f21fc&units=metric HTTP/1.1" 401 108
2025-02-11 06:25:19,759 - ERROR - Error en la petición: 401 Client Error: Unauthorized for url: http://api.openweathermap.org/data/2.5/weather?q=Popayan&appid=f6ef2198b35c024d94abdd27248f21fc&units=metric
2025-02-11 06:25:27,713 - DEBUG - Starting new HTTP connection (1): api.openweathermap.org:80
2025-02-11 06:25:27,948 - DEBUG - http://api.openweathermap.org:80 "GET / HTTP/1.1" 301 166
2025-02-11 06:25:27,950 - DEBUG - Starting new HTTP connection (1): openweathermap.org:80
2025-02-11 06:25:28,413 - DEBUG - http://openweathermap.org:80 "GET /api HTTP/1.1" 301 169
2025-02-11 06:25:28,415 - DEBUG - Starting new HTTPS connection (1): openweathermap.org:443
2025-02-11 06:25:29,308 - DEBUG - https://openweathermap.org:443 "GET /api HTTP/1.1" 200 None
2025-02-11 06:25:29,346 - DEBUG - Intentando obtener clima de URL: http://api.openweathermap.org/data/2.5/weather?q=Popayan&appid=f6ef2198b35c024d94abdd27248f21fc&units=metric
2025-02-11 06:25:29,347 - DEBUG - Starting new HTTP connection (1): api.openweathermap.org:80
2025-02-11 06:25:29,589 - DEBUG - http://api.openweathermap.org:80 "GET /data/2.5/weather?q=Popayan&appid=f6ef2198b35c024d94abdd27248f21fc&units=metric HTTP/1.1" 401 108
2025-02-11 06:25:29,589 - ERROR - Error en la petición: 401 Client Error: Unauthorized for url: http://api.openweathermap.org/data/2.5/weather?q=Popayan&appid=f6ef2198b35c024d94abdd27248f21fc&units=metric
2025-02-11 06:25:37,720 - DEBUG - Starting new HTTP connection (1): api.openweathermap.org:80
2025-02-11 06:25:38,118 - DEBUG - http://api.openweathermap.org:80 "GET / HTTP/1.1" 301 166
2025-02-11 06:25:38,119 - DEBUG - Starting new HTTP connection (1): openweathermap.org:80
2025-02-11 06:25:38,607 - DEBUG - http://openweathermap.org:80 "GET /api HTTP/1.1" 301 169
2025-02-11 06:25:38,608 - DEBUG - Starting new HTTPS connection (1): openweathermap.org:443
2025-02-11 06:25:39,534 - DEBUG - https://openweathermap.org:443 "GET /api HTTP/1.1" 200 None
2025-02-11 06:25:39,567 - DEBUG - Intentando obtener clima de URL: http://api.openweathermap.org/data/2.5/weather?q=Popayan&appid=f6ef2198b35c024d94abdd27248f21fc&units=metric
2025-02-11 06:25:39,569 - DEBUG - Starting new HTTP connection (1): api.openweathermap.org:80
2025-02-11 06:25:39,818 - DEBUG - http://api.openweathermap.org:80 "GET /data/2.5/weather?q=Popayan&appid=f6ef2198b35c024d94abdd27248f21fc&units=metric HTTP/1.1" 401 108
2025-02-11 06:25:39,819 - ERROR - Error en la petición: 401 Client Error: Unauthorized for url: http://api.openweathermap.org/data/2.5/weather?q=Popayan&appid=f6ef2198b35c024d94abdd27248f21fc&units=metric
2025-02-11 06:25:47,708 - DEBUG - Starting new HTTP connection (1): api.openweathermap.org:80
2025-02-11 06:25:47,962 - DEBUG - http://api.openweathermap.org:80 "GET / HTTP/1.1" 301 166
2025-02-11 06:25:47,963 - DEBUG - Starting new HTTP connection (1): openweathermap.org:80
2025-02-11 06:25:48,416 - DEBUG - http://openweathermap.org:80 "GET /api HTTP/1.1" 301 169
2025-02-11 06:25:48,417 - DEBUG - Starting new HTTPS connection (1): openweathermap.org:443
2025-02-11 06:25:49,321 - DEBUG - https://openweathermap.org:443 "GET /api HTTP/1.1" 200 None
2025-02-11 06:25:49,341 - DEBUG - Intentando obtener clima de URL: http://api.openweathermap.org/data/2.5/weather?q=Popayan&appid=f6ef2198b35c024d94abdd27248f21fc&units=metric
2025-02-11 06:25:49,342 - DEBUG - Starting new HTTP connection (1): api.openweathermap.org:80
2025-02-11 06:25:49,583 - DEBUG - http://api.openweathermap.org:80 "GET /data/2.5/weather?q=Popayan&appid=f6ef2198b35c024d94abdd27248f21fc&units=metric HTTP/1.1" 401 108
2025-02-11 06:25:49,584 - ERROR - Error en la petición: 401 Client Error: Unauthorized for url: http://api.openweathermap.org/data/2.5/weather?q=Popayan&appid=f6ef2198b35c024d94abdd27248f21fc&units=metric
2025-02-11 06:25:55,877 - DEBUG - Starting new HTTP connection (1): api.openweathermap.org:80
2025-02-11 06:25:56,123 - DEBUG - http://api.openweathermap.org:80 "GET / HTTP/1.1" 301 166
2025-02-11 06:25:56,124 - DEBUG - Starting new HTTP connection (1): openweathermap.org:80
2025-02-11 06:25:56,562 - DEBUG - http://openweathermap.org:80 "GET /api HTTP/1.1" 301 169
2025-02-11 06:25:56,563 - DEBUG - Starting new HTTPS connection (1): openweathermap.org:443
2025-02-11 06:25:57,465 - DEBUG - https://openweathermap.org:443 "GET /api HTTP/1.1" 200 None
2025-02-11 06:25:57,531 - DEBUG - Intentando obtener clima de URL: http://api.openweathermap.org/data/2.5/weather?q=Popayan&appid=f6ef2198b35c024d94abdd27248f21fc&units=metric
2025-02-11 06:25:57,532 - DEBUG - Starting new HTTP connection (1): api.openweathermap.org:80
2025-02-11 06:25:57,827 - DEBUG - http://api.openweathermap.org:80 "GET /data/2.5/weather?q=Popayan&appid=f6ef2198b35c024d94abdd27248f21fc&units=metric HTTP/1.1" 401 108
2025-02-11 06:25:57,827 - ERROR - Error en la petición: 401 Client Error: Unauthorized for url: http://api.openweathermap.org/data/2.5/weather?q=Popayan&appid=f6ef2198b35c024d94abdd27248f21fc&units=metric
2025-02-11 06:26:05,867 - DEBUG - Starting new HTTP connection (1): api.openweathermap.org:80
2025-02-11 06:26:06,106 - DEBUG - http://api.openweathermap.org:80 "GET / HTTP/1.1" 301 166
2025-02-11 06:26:06,107 - DEBUG - Starting new HTTP connection (1): openweathermap.org:80
2025-02-11 06:26:06,842 - DEBUG - http://openweathermap.org:80 "GET /api HTTP/1.1" 301 169
2025-02-11 06:26:06,843 - DEBUG - Starting new HTTPS connection (1): openweathermap.org:443
2025-02-11 06:26:07,762 - DEBUG - https://openweathermap.org:443 "GET /api HTTP/1.1" 200 None
2025-02-11 06:26:07,772 - DEBUG - Intentando obtener clima de URL: http://api.openweathermap.org/data/2.5/weather?q=Popayan&appid=f6ef2198b35c024d94abdd27248f21fc&units=metric
2025-02-11 06:26:07,773 - DEBUG - Starting new HTTP connection (1): api.openweathermap.org:80
2025-02-11 06:26:08,007 - DEBUG - http://api.openweathermap.org:80 "GET /data/2.5/weather?q=Popayan&appid=f6ef2198b35c024d94abdd27248f21fc&units=metric HTTP/1.1" 401 108
2025-02-11 06:26:08,008 - ERROR - Error en la petición: 401 Client Error: Unauthorized for url: http://api.openweathermap.org/data/2.5/weather?q=Popayan&appid=f6ef2198b35c024d94abdd27248f21fc&units=metric
2025-02-11 06:26:15,889 - DEBUG - Starting new HTTP connection (1): api.openweathermap.org:80
2025-02-11 06:26:16,129 - DEBUG - http://api.openweathermap.org:80 "GET / HTTP/1.1" 301 166
2025-02-11 06:26:16,130 - DEBUG - Starting new HTTP connection (1): openweathermap.org:80
2025-02-11 06:26:16,619 - DEBUG - http://openweathermap.org:80 "GET /api HTTP/1.1" 301 169
2025-02-11 06:26:16,620 - DEBUG - Starting new HTTPS connection (1): openweathermap.org:443
2025-02-11 06:26:17,535 - DEBUG - https://openweathermap.org:443 "GET /api HTTP/1.1" 200 None
2025-02-11 06:26:17,574 - DEBUG - Intentando obtener clima de URL: http://api.openweathermap.org/data/2.5/weather?q=Popayan&appid=f6ef2198b35c024d94abdd27248f21fc&units=metric
2025-02-11 06:26:17,575 - DEBUG - Starting new HTTP connection (1): api.openweathermap.org:80
2025-02-11 06:26:17,834 - DEBUG - http://api.openweathermap.org:80 "GET /data/2.5/weather?q=Popayan&appid=f6ef2198b35c024d94abdd27248f21fc&units=metric HTTP/1.1" 401 108
2025-02-11 06:26:17,834 - ERROR - Error en la petición: 401 Client Error: Unauthorized for url: http://api.openweathermap.org/data/2.5/weather?q=Popayan&appid=f6ef2198b35c024d94abdd27248f21fc&units=metric
2025-02-11 06:26:24,077 - DEBUG - Starting new HTTP connection (1): api.openweathermap.org:80
2025-02-11 06:26:24,322 - DEBUG - http://api.openweathermap.org:80 "GET / HTTP/1.1" 301 166
2025-02-11 06:26:24,323 - DEBUG - Starting new HTTP connection (1): openweathermap.org:80
2025-02-11 06:26:24,773 - DEBUG - http://openweathermap.org:80 "GET /api HTTP/1.1" 301 169
2025-02-11 06:26:24,774 - DEBUG - Starting new HTTPS connection (1): openweathermap.org:443
2025-02-11 06:26:25,722 - DEBUG - https://openweathermap.org:443 "GET /api HTTP/1.1" 200 None
2025-02-11 06:26:25,735 - DEBUG - Intentando obtener clima de URL: http://api.openweathermap.org/data/2.5/weather?q=Popayan&appid=f6ef2198b35c024d94abdd27248f21fc&units=metric
2025-02-11 06:26:25,736 - DEBUG - Starting new HTTP connection (1): api.openweathermap.org:80
2025-02-11 06:26:25,980 - DEBUG - http://api.openweathermap.org:80 "GET /data/2.5/weather?q=Popayan&appid=f6ef2198b35c024d94abdd27248f21fc&units=metric HTTP/1.1" 401 108
2025-02-11 06:26:25,981 - ERROR - Error en la petición: 401 Client Error: Unauthorized for url: http://api.openweathermap.org/data/2.5/weather?q=Popayan&appid=f6ef2198b35c024d94abdd27248f21fc&units=metric
2025-02-11 06:26:34,078 - DEBUG - Starting new HTTP connection (1): api.openweathermap.org:80
2025-02-11 06:26:34,332 - DEBUG - http://api.openweathermap.org:80 "GET / HTTP/1.1" 301 166
2025-02-11 06:26:34,333 - DEBUG - Starting new HTTP connection (1): openweathermap.org:80
2025-02-11 06:26:34,857 - DEBUG - http://openweathermap.org:80 "GET /api HTTP/1.1" 301 169
2025-02-11 06:26:34,859 - DEBUG - Starting new HTTPS connection (1): openweathermap.org:443
2025-02-11 06:26:35,793 - DEBUG - https://openweathermap.org:443 "GET /api HTTP/1.1" 200 None
2025-02-11 06:26:35,840 - DEBUG - Intentando obtener clima de URL: http://api.openweathermap.org/data/2.5/weather?q=Popayan&appid=f6ef2198b35c024d94abdd27248f21fc&units=metric
2025-02-11 06:26:35,841 - DEBUG - Starting new HTTP connection (1): api.openweathermap.org:80
2025-02-11 06:26:36,092 - DEBUG - http://api.openweathermap.org:80 "GET /data/2.5/weather?q=Popayan&appid=f6ef2198b35c024d94abdd27248f21fc&units=metric HTTP/1.1" 401 108
2025-02-11 06:26:36,092 - ERROR - Error en la petición: 401 Client Error: Unauthorized for url: http://api.openweathermap.org/data/2.5/weather?q=Popayan&appid=f6ef2198b35c024d94abdd27248f21fc&units=metric
2025-02-11 06:26:44,079 - DEBUG - Starting new HTTP connection (1): api.openweathermap.org:80
2025-02-11 06:26:44,307 - DEBUG - http://api.openweathermap.org:80 "GET / HTTP/1.1" 301 166
2025-02-11 06:26:44,308 - DEBUG - Starting new HTTP connection (1): openweathermap.org:80
2025-02-11 06:26:44,755 - DEBUG - http://openweathermap.org:80 "GET /api HTTP/1.1" 301 169
2025-02-11 06:26:44,756 - DEBUG - Starting new HTTPS connection (1): openweathermap.org:443
2025-02-11 06:26:45,651 - DEBUG - https://openweathermap.org:443 "GET /api HTTP/1.1" 200 None
2025-02-11 06:26:45,675 - DEBUG - Intentando obtener clima de URL: http://api.openweathermap.org/data/2.5/weather?q=Popayan&appid=f6ef2198b35c024d94abdd27248f21fc&units=metric
2025-02-11 06:26:45,676 - DEBUG - Starting new HTTP connection (1): api.openweathermap.org:80
2025-02-11 06:26:45,903 - DEBUG - http://api.openweathermap.org:80 "GET /data/2.5/weather?q=Popayan&appid=f6ef2198b35c024d94abdd27248f21fc&units=metric HTTP/1.1" 401 108
2025-02-11 06:26:45,903 - ERROR - Error en la petición: 401 Client Error: Unauthorized for url: http://api.openweathermap.org/data/2.5/weather?q=Popayan&appid=f6ef2198b35c024d94abdd27248f21fc&units=metric
2025-02-11 06:26:52,242 - DEBUG - Starting new HTTP connection (1): api.openweathermap.org:80
2025-02-11 06:26:52,535 - DEBUG - http://api.openweathermap.org:80 "GET / HTTP/1.1" 301 166
2025-02-11 06:26:52,536 - DEBUG - Starting new HTTP connection (1): openweathermap.org:80
2025-02-11 06:26:52,999 - DEBUG - http://openweathermap.org:80 "GET /api HTTP/1.1" 301 169
2025-02-11 06:26:53,000 - DEBUG - Starting new HTTPS connection (1): openweathermap.org:443
2025-02-11 06:26:53,916 - DEBUG - https://openweathermap.org:443 "GET /api HTTP/1.1" 200 None
2025-02-11 06:26:53,931 - DEBUG - Intentando obtener clima de URL: http://api.openweathermap.org/data/2.5/weather?q=Popayan&appid=f6ef2198b35c024d94abdd27248f21fc&units=metric
2025-02-11 06:26:53,932 - DEBUG - Starting new HTTP connection (1): api.openweathermap.org:80
2025-02-11 06:26:54,164 - DEBUG - http://api.openweathermap.org:80 "GET /data/2.5/weather?q=Popayan&appid=f6ef2198b35c024d94abdd27248f21fc&units=metric HTTP/1.1" 401 108
2025-02-11 06:26:54,164 - ERROR - Error en la petición: 401 Client Error: Unauthorized for url: http://api.openweathermap.org/data/2.5/weather?q=Popayan&appid=f6ef2198b35c024d94abdd27248f21fc&units=metric
2025-02-11 06:27:02,241 - DEBUG - Starting new HTTP connection (1): api.openweathermap.org:80
2025-02-11 06:27:02,467 - DEBUG - http://api.openweathermap.org:80 "GET / HTTP/1.1" 301 166
2025-02-11 06:27:02,468 - DEBUG - Starting new HTTP connection (1): openweathermap.org:80
2025-02-11 06:27:03,199 - DEBUG - http://openweathermap.org:80 "GET /api HTTP/1.1" 301 169
2025-02-11 06:27:03,200 - DEBUG - Starting new HTTPS connection (1): openweathermap.org:443
2025-02-11 06:27:04,099 - DEBUG - https://openweathermap.org:443 "GET /api HTTP/1.1" 200 None
2025-02-11 06:27:04,151 - DEBUG - Intentando obtener clima de URL: http://api.openweathermap.org/data/2.5/weather?q=Popayan&appid=f6ef2198b35c024d94abdd27248f21fc&units=metric
2025-02-11 06:27:04,152 - DEBUG - Starting new HTTP connection (1): api.openweathermap.org:80
2025-02-11 06:27:04,398 - DEBUG - http://api.openweathermap.org:80 "GET /data/2.5/weather?q=Popayan&appid=f6ef2198b35c024d94abdd27248f21fc&units=metric HTTP/1.1" 401 108
2025-02-11 06:27:04,398 - ERROR - Error en la petición: 401 Client Error: Unauthorized for url: http://api.openweathermap.org/data/2.5/weather?q=Popayan&appid=f6ef2198b35c024d94abdd27248f21fc&units=metric
2025-02-11 06:27:12,241 - DEBUG - Starting new HTTP connection (1): api.openweathermap.org:80
2025-02-11 06:27:12,622 - DEBUG - http://api.openweathermap.org:80 "GET / HTTP/1.1" 301 166
2025-02-11 06:27:12,623 - DEBUG - Starting new HTTP connection (1): openweathermap.org:80
2025-02-11 06:27:13,078 - DEBUG - http://openweathermap.org:80 "GET /api HTTP/1.1" 301 169
2025-02-11 06:27:13,079 - DEBUG - Starting new HTTPS connection (1): openweathermap.org:443
2025-02-11 06:27:13,999 - DEBUG - https://openweathermap.org:443 "GET /api HTTP/1.1" 200 None
2025-02-11 06:27:14,031 - DEBUG - Intentando obtener clima de URL: http://api.openweathermap.org/data/2.5/weather?q=Popayan&appid=f6ef2198b35c024d94abdd27248f21fc&units=metric
2025-02-11 06:27:14,032 - DEBUG - Starting new HTTP connection (1): api.openweathermap.org:80
2025-02-11 06:27:14,281 - DEBUG - http://api.openweathermap.org:80 "GET /data/2.5/weather?q=Popayan&appid=f6ef2198b35c024d94abdd27248f21fc&units=metric HTTP/1.1" 401 108
2025-02-11 06:27:14,282 - ERROR - Error en la petición: 401 Client Error: Unauthorized for url: http://api.openweathermap.org/data/2.5/weather?q=Popayan&appid=f6ef2198b35c024d94abdd27248f21fc&units=metric
2025-02-11 06:27:20,409 - DEBUG - Starting new HTTP connection (1): api.openweathermap.org:80
2025-02-11 06:27:20,662 - DEBUG - http://api.openweathermap.org:80 "GET / HTTP/1.1" 301 166
2025-02-11 06:27:20,663 - DEBUG - Starting new HTTP connection (1): openweathermap.org:80
2025-02-11 06:27:21,190 - DEBUG - http://openweathermap.org:80 "GET /api HTTP/1.1" 301 169
2025-02-11 06:27:21,192 - DEBUG - Starting new HTTPS connection (1): openweathermap.org:443
2025-02-11 06:27:22,165 - DEBUG - https://openweathermap.org:443 "GET /api HTTP/1.1" 200 None
2025-02-11 06:27:22,209 - DEBUG - Intentando obtener clima de URL: http://api.openweathermap.org/data/2.5/weather?q=Popayan&appid=f6ef2198b35c024d94abdd27248f21fc&units=metric
2025-02-11 06:27:22,210 - DEBUG - Starting new HTTP connection (1): api.openweathermap.org:80
2025-02-11 06:27:22,466 - DEBUG - http://api.openweathermap.org:80 "GET /data/2.5/weather?q=Popayan&appid=f6ef2198b35c024d94abdd27248f21fc&units=metric HTTP/1.1" 401 108
2025-02-11 06:27:22,467 - ERROR - Error en la petición: 401 Client Error: Unauthorized for url: http://api.openweathermap.org/data/2.5/weather?q=Popayan&appid=f6ef2198b35c024d94abdd27248f21fc&units=metric
2025-02-11 06:27:30,407 - DEBUG - Starting new HTTP connection (1): api.openweathermap.org:80
2025-02-11 06:27:30,650 - DEBUG - http://api.openweathermap.org:80 "GET / HTTP/1.1" 301 166
2025-02-11 06:27:30,651 - DEBUG - Starting new HTTP connection (1): openweathermap.org:80
2025-02-11 06:27:31,149 - DEBUG - http://openweathermap.org:80 "GET /api HTTP/1.1" 301 169
2025-02-11 06:27:31,150 - DEBUG - Starting new HTTPS connection (1): openweathermap.org:443
2025-02-11 06:27:32,076 - DEBUG - https://openweathermap.org:443 "GET /api HTTP/1.1" 200 None
2025-02-11 06:27:32,102 - DEBUG - Intentando obtener clima de URL: http://api.openweathermap.org/data/2.5/weather?q=Popayan&appid=f6ef2198b35c024d94abdd27248f21fc&units=metric
2025-02-11 06:27:32,102 - DEBUG - Starting new HTTP connection (1): api.openweathermap.org:80
2025-02-11 06:27:32,327 - DEBUG - http://api.openweathermap.org:80 "GET /data/2.5/weather?q=Popayan&appid=f6ef2198b35c024d94abdd27248f21fc&units=metric HTTP/1.1" 401 108
2025-02-11 06:27:32,328 - ERROR - Error en la petición: 401 Client Error: Unauthorized for url: http://api.openweathermap.org/data/2.5/weather?q=Popayan&appid=f6ef2198b35c024d94abdd27248f21fc&units=metric
2025-02-11 06:27:40,408 - DEBUG - Starting new HTTP connection (1): api.openweathermap.org:80
2025-02-11 06:27:40,653 - DEBUG - http://api.openweathermap.org:80 "GET / HTTP/1.1" 301 166
2025-02-11 06:27:40,655 - DEBUG - Starting new HTTP connection (1): openweathermap.org:80
2025-02-11 06:27:41,108 - DEBUG - http://openweathermap.org:80 "GET /api HTTP/1.1" 301 169
2025-02-11 06:27:41,109 - DEBUG - Starting new HTTPS connection (1): openweathermap.org:443
2025-02-11 06:27:42,049 - DEBUG - https://openweathermap.org:443 "GET /api HTTP/1.1" 200 None
2025-02-11 06:27:42,076 - DEBUG - Intentando obtener clima de URL: http://api.openweathermap.org/data/2.5/weather?q=Popayan&appid=f6ef2198b35c024d94abdd27248f21fc&units=metric
2025-02-11 06:27:42,077 - DEBUG - Starting new HTTP connection (1): api.openweathermap.org:80
2025-02-11 06:27:42,310 - DEBUG - http://api.openweathermap.org:80 "GET /data/2.5/weather?q=Popayan&appid=f6ef2198b35c024d94abdd27248f21fc&units=metric HTTP/1.1" 401 108
2025-02-11 06:27:42,311 - ERROR - Error en la petición: 401 Client Error: Unauthorized for url: http://api.openweathermap.org/data/2.5/weather?q=Popayan&appid=f6ef2198b35c024d94abdd27248f21fc&units=metric
2025-02-11 06:27:50,412 - DEBUG - Starting new HTTP connection (1): api.openweathermap.org:80
2025-02-11 06:27:50,653 - DEBUG - http://api.openweathermap.org:80 "GET / HTTP/1.1" 301 166
2025-02-11 06:27:50,654 - DEBUG - Starting new HTTP connection (1): openweathermap.org:80
2025-02-11 06:27:51,158 - DEBUG - http://openweathermap.org:80 "GET /api HTTP/1.1" 301 169
2025-02-11 06:27:51,160 - DEBUG - Starting new HTTPS connection (1): openweathermap.org:443
2025-02-11 06:27:50,227 - DEBUG - https://openweathermap.org:443 "GET /api HTTP/1.1" 200 None
2025-02-11 06:27:50,242 - DEBUG - Intentando obtener clima de URL: http://api.openweathermap.org/data/2.5/weather?q=Popayan&appid=f6ef2198b35c024d94abdd27248f21fc&units=metric
2025-02-11 06:27:50,243 - DEBUG - Starting new HTTP connection (1): api.openweathermap.org:80
2025-02-11 06:27:50,491 - DEBUG - http://api.openweathermap.org:80 "GET /data/2.5/weather?q=Popayan&appid=f6ef2198b35c024d94abdd27248f21fc&units=metric HTTP/1.1" 401 108
2025-02-11 06:27:50,492 - ERROR - Error en la petición: 401 Client Error: Unauthorized for url: http://api.openweathermap.org/data/2.5/weather?q=Popayan&appid=f6ef2198b35c024d94abdd27248f21fc&units=metric
2025-02-11 06:27:58,609 - DEBUG - Starting new HTTP connection (1): api.openweathermap.org:80
2025-02-11 06:27:58,856 - DEBUG - http://api.openweathermap.org:80 "GET / HTTP/1.1" 301 166
2025-02-11 06:27:58,857 - DEBUG - Starting new HTTP connection (1): openweathermap.org:80
2025-02-11 06:27:59,297 - DEBUG - http://openweathermap.org:80 "GET /api HTTP/1.1" 301 169
2025-02-11 06:27:59,298 - DEBUG - Starting new HTTPS connection (1): openweathermap.org:443
2025-02-11 06:28:00,180 - DEBUG - https://openweathermap.org:443 "GET /api HTTP/1.1" 200 None
2025-02-11 06:28:00,223 - DEBUG - Intentando obtener clima de URL: http://api.openweathermap.org/data/2.5/weather?q=Popayan&appid=f6ef2198b35c024d94abdd27248f21fc&units=metric
2025-02-11 06:28:00,224 - DEBUG - Starting new HTTP connection (1): api.openweathermap.org:80
2025-02-11 06:28:00,457 - DEBUG - http://api.openweathermap.org:80 "GET /data/2.5/weather?q=Popayan&appid=f6ef2198b35c024d94abdd27248f21fc&units=metric HTTP/1.1" 401 108
2025-02-11 06:28:00,457 - ERROR - Error en la petición: 401 Client Error: Unauthorized for url: http://api.openweathermap.org/data/2.5/weather?q=Popayan&appid=f6ef2198b35c024d94abdd27248f21fc&units=metric
2025-02-11 06:28:08,612 - DEBUG - Starting new HTTP connection (1): api.openweathermap.org:80
2025-02-11 06:28:08,838 - DEBUG - http://api.openweathermap.org:80 "GET / HTTP/1.1" 301 166
2025-02-11 06:28:08,839 - DEBUG - Starting new HTTP connection (1): openweathermap.org:80
2025-02-11 06:28:09,531 - DEBUG - http://openweathermap.org:80 "GET /api HTTP/1.1" 301 169
2025-02-11 06:28:09,532 - DEBUG - Starting new HTTPS connection (1): openweathermap.org:443
2025-02-11 06:28:10,450 - DEBUG - https://openweathermap.org:443 "GET /api HTTP/1.1" 200 None
2025-02-11 06:28:10,503 - DEBUG - Intentando obtener clima de URL: http://api.openweathermap.org/data/2.5/weather?q=Popayan&appid=f6ef2198b35c024d94abdd27248f21fc&units=metric
2025-02-11 06:28:10,504 - DEBUG - Starting new HTTP connection (1): api.openweathermap.org:80
2025-02-11 06:28:10,732 - DEBUG - http://api.openweathermap.org:80 "GET /data/2.5/weather?q=Popayan&appid=f6ef2198b35c024d94abdd27248f21fc&units=metric HTTP/1.1" 401 108
2025-02-11 06:28:10,733 - ERROR - Error en la petición: 401 Client Error: Unauthorized for url: http://api.openweathermap.org/data/2.5/weather?q=Popayan&appid=f6ef2198b35c024d94abdd27248f21fc&units=metric
2025-02-11 06:28:18,621 - DEBUG - Starting new HTTP connection (1): api.openweathermap.org:80
2025-02-11 06:28:18,863 - DEBUG - http://api.openweathermap.org:80 "GET / HTTP/1.1" 301 166
2025-02-11 06:28:18,864 - DEBUG - Starting new HTTP connection (1): openweathermap.org:80
2025-02-11 06:28:19,366 - DEBUG - http://openweathermap.org:80 "GET /api HTTP/1.1" 301 169
2025-02-11 06:28:19,367 - DEBUG - Starting new HTTPS connection (1): openweathermap.org:443
2025-02-11 06:28:20,314 - DEBUG - https://openweathermap.org:443 "GET /api HTTP/1.1" 200 None
2025-02-11 06:28:20,353 - DEBUG - Intentando obtener clima de URL: http://api.openweathermap.org/data/2.5/weather?q=Popayan&appid=f6ef2198b35c024d94abdd27248f21fc&units=metric
2025-02-11 06:28:20,354 - DEBUG - Starting new HTTP connection (1): api.openweathermap.org:80
2025-02-11 06:28:20,645 - DEBUG - http://api.openweathermap.org:80 "GET /data/2.5/weather?q=Popayan&appid=f6ef2198b35c024d94abdd27248f21fc&units=metric HTTP/1.1" 401 108
2025-02-11 06:28:20,646 - ERROR - Error en la petición: 401 Client Error: Unauthorized for url: http://api.openweathermap.org/data/2.5/weather?q=Popayan&appid=f6ef2198b35c024d94abdd27248f21fc&units=metric
2025-02-11 06:28:26,750 - DEBUG - Starting new HTTP connection (1): api.openweathermap.org:80
2025-02-11 06:28:27,000 - DEBUG - http://api.openweathermap.org:80 "GET / HTTP/1.1" 301 166
2025-02-11 06:28:27,001 - DEBUG - Starting new HTTP connection (1): openweathermap.org:80
2025-02-11 06:28:27,442 - DEBUG - http://openweathermap.org:80 "GET /api HTTP/1.1" 301 169
2025-02-11 06:28:27,443 - DEBUG - Starting new HTTPS connection (1): openweathermap.org:443
2025-02-11 06:28:28,380 - DEBUG - https://openweathermap.org:443 "GET /api HTTP/1.1" 200 None
2025-02-11 06:28:28,443 - DEBUG - Intentando obtener clima de URL: http://api.openweathermap.org/data/2.5/weather?q=Popayan&appid=f6ef2198b35c024d94abdd27248f21fc&units=metric
2025-02-11 06:28:28,444 - DEBUG - Starting new HTTP connection (1): api.openweathermap.org:80
2025-02-11 06:28:28,694 - DEBUG - http://api.openweathermap.org:80 "GET /data/2.5/weather?q=Popayan&appid=f6ef2198b35c024d94abdd27248f21fc&units=metric HTTP/1.1" 401 108
2025-02-11 06:28:28,694 - ERROR - Error en la petición: 401 Client Error: Unauthorized for url: http://api.openweathermap.org/data/2.5/weather?q=Popayan&appid=f6ef2198b35c024d94abdd27248f21fc&units=metric
2025-02-11 06:28:36,748 - DEBUG - Starting new HTTP connection (1): api.openweathermap.org:80
2025-02-11 06:28:36,985 - DEBUG - http://api.openweathermap.org:80 "GET / HTTP/1.1" 301 166
2025-02-11 06:28:36,986 - DEBUG - Starting new HTTP connection (1): openweathermap.org:80
2025-02-11 06:28:37,469 - DEBUG - http://openweathermap.org:80 "GET /api HTTP/1.1" 301 169
2025-02-11 06:28:37,470 - DEBUG - Starting new HTTPS connection (1): openweathermap.org:443
2025-02-11 06:28:38,408 - DEBUG - https://openweathermap.org:443 "GET /api HTTP/1.1" 200 None
2025-02-11 06:28:38,434 - DEBUG - Intentando obtener clima de URL: http://api.openweathermap.org/data/2.5/weather?q=Popayan&appid=f6ef2198b35c024d94abdd27248f21fc&units=metric
2025-02-11 06:28:38,435 - DEBUG - Starting new HTTP connection (1): api.openweathermap.org:80
2025-02-11 06:28:38,840 - DEBUG - http://api.openweathermap.org:80 "GET /data/2.5/weather?q=Popayan&appid=f6ef2198b35c024d94abdd27248f21fc&units=metric HTTP/1.1" 401 108
2025-02-11 06:28:38,841 - ERROR - Error en la petición: 401 Client Error: Unauthorized for url: http://api.openweathermap.org/data/2.5/weather?q=Popayan&appid=f6ef2198b35c024d94abdd27248f21fc&units=metric
2025-02-11 06:28:46,757 - DEBUG - Starting new HTTP connection (1): api.openweathermap.org:80
2025-02-11 06:28:47,104 - DEBUG - http://api.openweathermap.org:80 "GET / HTTP/1.1" 301 166
2025-02-11 06:28:47,106 - DEBUG - Starting new HTTP connection (1): openweathermap.org:80
2025-02-11 06:28:47,636 - DEBUG - http://openweathermap.org:80 "GET /api HTTP/1.1" 301 169
2025-02-11 06:28:47,637 - DEBUG - Starting new HTTPS connection (1): openweathermap.org:443
2025-02-11 06:28:48,521 - DEBUG - https://openweathermap.org:443 "GET /api HTTP/1.1" 200 None
2025-02-11 06:28:48,543 - DEBUG - Intentando obtener clima de URL: http://api.openweathermap.org/data/2.5/weather?q=Popayan&appid=f6ef2198b35c024d94abdd27248f21fc&units=metric
2025-02-11 06:28:48,544 - DEBUG - Starting new HTTP connection (1): api.openweathermap.org:80
2025-02-11 06:28:48,778 - DEBUG - http://api.openweathermap.org:80 "GET /data/2.5/weather?q=Popayan&appid=f6ef2198b35c024d94abdd27248f21fc&units=metric HTTP/1.1" 401 108
2025-02-11 06:28:48,779 - ERROR - Error en la petición: 401 Client Error: Unauthorized for url: http://api.openweathermap.org/data/2.5/weather?q=Popayan&appid=f6ef2198b35c024d94abdd27248f21fc&units=metric
2025-02-11 06:28:54,933 - DEBUG - Starting new HTTP connection (1): api.openweathermap.org:80
2025-02-11 06:28:55,203 - DEBUG - http://api.openweathermap.org:80 "GET / HTTP/1.1" 301 166
2025-02-11 06:28:55,204 - DEBUG - Starting new HTTP connection (1): openweathermap.org:80
2025-02-11 06:28:55,873 - DEBUG - http://openweathermap.org:80 "GET /api HTTP/1.1" 301 169
2025-02-11 06:28:55,874 - DEBUG - Starting new HTTPS connection (1): openweathermap.org:443
2025-02-11 06:28:56,749 - DEBUG - https://openweathermap.org:443 "GET /api HTTP/1.1" 200 None
2025-02-11 06:28:56,773 - DEBUG - Intentando obtener clima de URL: http://api.openweathermap.org/data/2.5/weather?q=Popayan&appid=f6ef2198b35c024d94abdd27248f21fc&units=metric
2025-02-11 06:28:56,775 - DEBUG - Starting new HTTP connection (1): api.openweathermap.org:80
2025-02-11 06:28:57,011 - DEBUG - http://api.openweathermap.org:80 "GET /data/2.5/weather?q=Popayan&appid=f6ef2198b35c024d94abdd27248f21fc&units=metric HTTP/1.1" 401 108
2025-02-11 06:28:57,012 - ERROR - Error en la petición: 401 Client Error: Unauthorized for url: http://api.openweathermap.org/data/2.5/weather?q=Popayan&appid=f6ef2198b35c024d94abdd27248f21fc&units=metric
2025-02-11 06:29:04,992 - DEBUG - Starting new HTTP connection (1): api.openweathermap.org:80
2025-02-11 06:29:05,256 - DEBUG - http://api.openweathermap.org:80 "GET / HTTP/1.1" 301 166
2025-02-11 06:29:05,258 - DEBUG - Starting new HTTP connection (1): openweathermap.org:80
2025-02-11 06:29:05,759 - DEBUG - http://openweathermap.org:80 "GET /api HTTP/1.1" 301 169
2025-02-11 06:29:05,761 - DEBUG - Starting new HTTPS connection (1): openweathermap.org:443
2025-02-11 06:29:06,712 - DEBUG - https://openweathermap.org:443 "GET /api HTTP/1.1" 200 None
2025-02-11 06:29:06,745 - DEBUG - Intentando obtener clima de URL: http://api.openweathermap.org/data/2.5/weather?q=Popayan&appid=f6ef2198b35c024d94abdd27248f21fc&units=metric
2025-02-11 06:29:06,746 - DEBUG - Starting new HTTP connection (1): api.openweathermap.org:80
2025-02-11 06:29:06,997 - DEBUG - http://api.openweathermap.org:80 "GET /data/2.5/weather?q=Popayan&appid=f6ef2198b35c024d94abdd27248f21fc&units=metric HTTP/1.1" 401 108
2025-02-11 06:29:06,997 - ERROR - Error en la petición: 401 Client Error: Unauthorized for url: http://api.openweathermap.org/data/2.5/weather?q=Popayan&appid=f6ef2198b35c024d94abdd27248f21fc&units=metric
2025-02-11 06:29:14,970 - DEBUG - Starting new HTTP connection (1): api.openweathermap.org:80
2025-02-11 06:29:15,216 - DEBUG - http://api.openweathermap.org:80 "GET / HTTP/1.1" 301 166
2025-02-11 06:29:15,217 - DEBUG - Starting new HTTP connection (1): openweathermap.org:80
2025-02-11 06:29:15,683 - DEBUG - http://openweathermap.org:80 "GET /api HTTP/1.1" 301 169
2025-02-11 06:29:15,684 - DEBUG - Starting new HTTPS connection (1): openweathermap.org:443
2025-02-11 06:29:16,592 - DEBUG - https://openweathermap.org:443 "GET /api HTTP/1.1" 200 None
2025-02-11 06:29:16,628 - DEBUG - Intentando obtener clima de URL: http://api.openweathermap.org/data/2.5/weather?q=Popayan&appid=f6ef2198b35c024d94abdd27248f21fc&units=metric
2025-02-11 06:29:16,629 - DEBUG - Starting new HTTP connection (1): api.openweathermap.org:80
2025-02-11 06:29:16,868 - DEBUG - http://api.openweathermap.org:80 "GET /data/2.5/weather?q=Popayan&appid=f6ef2198b35c024d94abdd27248f21fc&units=metric HTTP/1.1" 401 108
2025-02-11 06:29:16,868 - ERROR - Error en la petición: 401 Client Error: Unauthorized for url: http://api.openweathermap.org/data/2.5/weather?q=Popayan&appid=f6ef2198b35c024d94abdd27248f21fc&units=metric
2025-02-11 06:29:23,171 - DEBUG - Starting new HTTP connection (1): api.openweathermap.org:80
2025-02-11 06:29:23,387 - DEBUG - http://api.openweathermap.org:80 "GET / HTTP/1.1" 301 166
2025-02-11 06:29:23,388 - DEBUG - Starting new HTTP connection (1): openweathermap.org:80
2025-02-11 06:29:23,852 - DEBUG - http://openweathermap.org:80 "GET /api HTTP/1.1" 301 169
2025-02-11 06:29:23,853 - DEBUG - Starting new HTTPS connection (1): openweathermap.org:443
2025-02-11 06:29:24,844 - DEBUG - https://openweathermap.org:443 "GET /api HTTP/1.1" 200 None
2025-02-11 06:29:24,894 - DEBUG - Intentando obtener clima de URL: http://api.openweathermap.org/data/2.5/weather?q=Popayan&appid=f6ef2198b35c024d94abdd27248f21fc&units=metric
2025-02-11 06:29:24,895 - DEBUG - Starting new HTTP connection (1): api.openweathermap.org:80
2025-02-11 06:29:25,156 - DEBUG - http://api.openweathermap.org:80 "GET /data/2.5/weather?q=Popayan&appid=f6ef2198b35c024d94abdd27248f21fc&units=metric HTTP/1.1" 401 108
2025-02-11 06:29:25,157 - ERROR - Error en la petición: 401 Client Error: Unauthorized for url: http://api.openweathermap.org/data/2.5/weather?q=Popayan&appid=f6ef2198b35c024d94abdd27248f21fc&units=metric
2025-02-11 06:29:33,210 - DEBUG - Starting new HTTP connection (1): api.openweathermap.org:80
2025-02-11 06:29:33,440 - DEBUG - http://api.openweathermap.org:80 "GET / HTTP/1.1" 301 166
2025-02-11 06:29:33,441 - DEBUG - Starting new HTTP connection (1): openweathermap.org:80
2025-02-11 06:29:33,892 - DEBUG - http://openweathermap.org:80 "GET /api HTTP/1.1" 301 169
2025-02-11 06:29:33,893 - DEBUG - Starting new HTTPS connection (1): openweathermap.org:443
2025-02-11 06:29:34,825 - DEBUG - https://openweathermap.org:443 "GET /api HTTP/1.1" 200 None
2025-02-11 06:29:34,827 - DEBUG - Intentando obtener clima de URL: http://api.openweathermap.org/data/2.5/weather?q=Popayan&appid=f6ef2198b35c024d94abdd27248f21fc&units=metric
2025-02-11 06:29:34,828 - DEBUG - Starting new HTTP connection (1): api.openweathermap.org:80
2025-02-11 06:29:35,079 - DEBUG - http://api.openweathermap.org:80 "GET /data/2.5/weather?q=Popayan&appid=f6ef2198b35c024d94abdd27248f21fc&units=metric HTTP/1.1" 401 108
2025-02-11 06:29:35,079 - ERROR - Error en la petición: 401 Client Error: Unauthorized for url: http://api.openweathermap.org/data/2.5/weather?q=Popayan&appid=f6ef2198b35c024d94abdd27248f21fc&units=metric
2025-02-11 06:29:43,234 - DEBUG - Starting new HTTP connection (1): api.openweathermap.org:80
2025-02-11 06:29:43,493 - DEBUG - http://api.openweathermap.org:80 "GET / HTTP/1.1" 301 166
2025-02-11 06:29:43,494 - DEBUG - Starting new HTTP connection (1): openweathermap.org:80
2025-02-11 06:29:44,024 - DEBUG - http://openweathermap.org:80 "GET /api HTTP/1.1" 301 169
2025-02-11 06:29:44,026 - DEBUG - Starting new HTTPS connection (1): openweathermap.org:443
2025-02-11 06:29:44,941 - DEBUG - https://openweathermap.org:443 "GET /api HTTP/1.1" 200 None
2025-02-11 06:29:44,964 - DEBUG - Intentando obtener clima de URL: http://api.openweathermap.org/data/2.5/weather?q=Popayan&appid=f6ef2198b35c024d94abdd27248f21fc&units=metric
2025-02-11 06:29:44,965 - DEBUG - Starting new HTTP connection (1): api.openweathermap.org:80
2025-02-11 06:29:45,217 - DEBUG - http://api.openweathermap.org:80 "GET /data/2.5/weather?q=Popayan&appid=f6ef2198b35c024d94abdd27248f21fc&units=metric HTTP/1.1" 401 108
2025-02-11 06:29:45,218 - ERROR - Error en la petición: 401 Client Error: Unauthorized for url: http://api.openweathermap.org/data/2.5/weather?q=Popayan&appid=f6ef2198b35c024d94abdd27248f21fc&units=metric
2025-02-11 06:29:51,306 - DEBUG - Starting new HTTP connection (1): api.openweathermap.org:80
2025-02-11 06:29:51,553 - DEBUG - http://api.openweathermap.org:80 "GET / HTTP/1.1" 301 166
2025-02-11 06:29:51,554 - DEBUG - Starting new HTTP connection (1): openweathermap.org:80
2025-02-11 06:29:52,028 - DEBUG - http://openweathermap.org:80 "GET /api HTTP/1.1" 301 169
2025-02-11 06:29:52,029 - DEBUG - Starting new HTTPS connection (1): openweathermap.org:443
2025-02-11 06:29:52,966 - DEBUG - https://openweathermap.org:443 "GET /api HTTP/1.1" 200 None
2025-02-11 06:29:52,967 - DEBUG - Intentando obtener clima de URL: http://api.openweathermap.org/data/2.5/weather?q=Popayan&appid=f6ef2198b35c024d94abdd27248f21fc&units=metric
2025-02-11 06:29:52,968 - DEBUG - Starting new HTTP connection (1): api.openweathermap.org:80
2025-02-11 06:29:53,191 - DEBUG - http://api.openweathermap.org:80 "GET /data/2.5/weather?q=Popayan&appid=f6ef2198b35c024d94abdd27248f21fc&units=metric HTTP/1.1" 401 108
2025-02-11 06:29:53,192 - ERROR - Error en la petición: 401 Client Error: Unauthorized for url: http://api.openweathermap.org/data/2.5/weather?q=Popayan&appid=f6ef2198b35c024d94abdd27248f21fc&units=metric
2025-02-11 06:30:01,302 - DEBUG - Starting new HTTP connection (1): api.openweathermap.org:80
2025-02-11 06:30:01,654 - DEBUG - http://api.openweathermap.org:80 "GET / HTTP/1.1" 301 166
2025-02-11 06:30:01,655 - DEBUG - Starting new HTTP connection (1): openweathermap.org:80
2025-02-11 06:30:02,119 - DEBUG - http://openweathermap.org:80 "GET /api HTTP/1.1" 301 169
2025-02-11 06:30:02,121 - DEBUG - Starting new HTTPS connection (1): openweathermap.org:443
2025-02-11 06:30:03,050 - DEBUG - https://openweathermap.org:443 "GET /api HTTP/1.1" 200 None
2025-02-11 06:30:03,077 - DEBUG - Intentando obtener clima de URL: http://api.openweathermap.org/data/2.5/weather?q=Popayan&appid=f6ef2198b35c024d94abdd27248f21fc&units=metric
2025-02-11 06:30:03,079 - DEBUG - Starting new HTTP connection (1): api.openweathermap.org:80
2025-02-11 06:30:03,339 - DEBUG - http://api.openweathermap.org:80 "GET /data/2.5/weather?q=Popayan&appid=f6ef2198b35c024d94abdd27248f21fc&units=metric HTTP/1.1" 401 108
2025-02-11 06:30:03,340 - ERROR - Error en la petición: 401 Client Error: Unauthorized for url: http://api.openweathermap.org/data/2.5/weather?q=Popayan&appid=f6ef2198b35c024d94abdd27248f21fc&units=metric
2025-02-11 06:30:11,302 - DEBUG - Starting new HTTP connection (1): api.openweathermap.org:80
2025-02-11 06:30:11,559 - DEBUG - http://api.openweathermap.org:80 "GET / HTTP/1.1" 301 166
2025-02-11 06:30:11,561 - DEBUG - Starting new HTTP connection (1): openweathermap.org:80
2025-02-11 06:30:12,054 - DEBUG - http://openweathermap.org:80 "GET /api HTTP/1.1" 301 169
2025-02-11 06:30:12,056 - DEBUG - Starting new HTTPS connection (1): openweathermap.org:443
2025-02-11 06:30:13,284 - DEBUG - https://openweathermap.org:443 "GET /api HTTP/1.1" 200 None
2025-02-11 06:30:13,286 - DEBUG - Intentando obtener clima de URL: http://api.openweathermap.org/data/2.5/weather?q=Popayan&appid=f6ef2198b35c024d94abdd27248f21fc&units=metric
2025-02-11 06:30:13,286 - DEBUG - Starting new HTTP connection (1): api.openweathermap.org:80
2025-02-11 06:30:13,528 - DEBUG - http://api.openweathermap.org:80 "GET /data/2.5/weather?q=Popayan&appid=f6ef2198b35c024d94abdd27248f21fc&units=metric HTTP/1.1" 401 108
2025-02-11 06:30:13,528 - ERROR - Error en la petición: 401 Client Error: Unauthorized for url: http://api.openweathermap.org/data/2.5/weather?q=Popayan&appid=f6ef2198b35c024d94abdd27248f21fc&units=metric
2025-02-11 06:30:21,300 - DEBUG - Starting new HTTP connection (1): api.openweathermap.org:80
2025-02-11 06:30:21,558 - DEBUG - http://api.openweathermap.org:80 "GET / HTTP/1.1" 301 166
2025-02-11 06:30:21,559 - DEBUG - Starting new HTTP connection (1): openweathermap.org:80
2025-02-11 06:30:22,037 - DEBUG - http://openweathermap.org:80 "GET /api HTTP/1.1" 301 169
2025-02-11 06:30:22,038 - DEBUG - Starting new HTTPS connection (1): openweathermap.org:443
2025-02-11 06:30:22,963 - DEBUG - https://openweathermap.org:443 "GET /api HTTP/1.1" 200 None
2025-02-11 06:30:22,982 - DEBUG - Intentando obtener clima de URL: http://api.openweathermap.org/data/2.5/weather?q=Popayan&appid=f6ef2198b35c024d94abdd27248f21fc&units=metric
2025-02-11 06:30:22,983 - DEBUG - Starting new HTTP connection (1): api.openweathermap.org:80
2025-02-11 06:30:23,223 - DEBUG - http://api.openweathermap.org:80 "GET /data/2.5/weather?q=Popayan&appid=f6ef2198b35c024d94abdd27248f21fc&units=metric HTTP/1.1" 401 108
2025-02-11 06:30:23,224 - ERROR - Error en la petición: 401 Client Error: Unauthorized for url: http://api.openweathermap.org/data/2.5/weather?q=Popayan&appid=f6ef2198b35c024d94abdd27248f21fc&units=metric
2025-02-11 06:30:29,465 - DEBUG - Starting new HTTP connection (1): api.openweathermap.org:80
2025-02-11 06:30:29,734 - DEBUG - http://api.openweathermap.org:80 "GET / HTTP/1.1" 301 166
2025-02-11 06:30:29,735 - DEBUG - Starting new HTTP connection (1): openweathermap.org:80
2025-02-11 06:30:30,195 - DEBUG - http://openweathermap.org:80 "GET /api HTTP/1.1" 301 169
2025-02-11 06:30:30,196 - DEBUG - Starting new HTTPS connection (1): openweathermap.org:443
2025-02-11 06:30:31,122 - DEBUG - https://openweathermap.org:443 "GET /api HTTP/1.1" 200 None
2025-02-11 06:30:31,169 - DEBUG - Intentando obtener clima de URL: http://api.openweathermap.org/data/2.5/weather?q=Popayan&appid=f6ef2198b35c024d94abdd27248f21fc&units=metric
2025-02-11 06:30:31,170 - DEBUG - Starting new HTTP connection (1): api.openweathermap.org:80
2025-02-11 06:30:31,435 - DEBUG - http://api.openweathermap.org:80 "GET /data/2.5/weather?q=Popayan&appid=f6ef2198b35c024d94abdd27248f21fc&units=metric HTTP/1.1" 401 108
2025-02-11 06:30:31,436 - ERROR - Error en la petición: 401 Client Error: Unauthorized for url: http://api.openweathermap.org/data/2.5/weather?q=Popayan&appid=f6ef2198b35c024d94abdd27248f21fc&units=metric
2025-02-11 06:30:39,463 - DEBUG - Starting new HTTP connection (1): api.openweathermap.org:80
2025-02-11 06:30:39,717 - DEBUG - http://api.openweathermap.org:80 "GET / HTTP/1.1" 301 166
2025-02-11 06:30:39,718 - DEBUG - Starting new HTTP connection (1): openweathermap.org:80
2025-02-11 06:30:40,200 - DEBUG - http://openweathermap.org:80 "GET /api HTTP/1.1" 301 169
2025-02-11 06:30:40,202 - DEBUG - Starting new HTTPS connection (1): openweathermap.org:443
2025-02-11 06:30:41,141 - DEBUG - https://openweathermap.org:443 "GET /api HTTP/1.1" 200 None
2025-02-11 06:30:41,200 - DEBUG - Intentando obtener clima de URL: http://api.openweathermap.org/data/2.5/weather?q=Popayan&appid=f6ef2198b35c024d94abdd27248f21fc&units=metric
2025-02-11 06:30:41,201 - DEBUG - Starting new HTTP connection (1): api.openweathermap.org:80
2025-02-11 06:30:41,459 - DEBUG - http://api.openweathermap.org:80 "GET /data/2.5/weather?q=Popayan&appid=f6ef2198b35c024d94abdd27248f21fc&units=metric HTTP/1.1" 401 108
2025-02-11 06:30:41,459 - ERROR - Error en la petición: 401 Client Error: Unauthorized for url: http://api.openweathermap.org/data/2.5/weather?q=Popayan&appid=f6ef2198b35c024d94abdd27248f21fc&units=metric
2025-02-11 06:30:49,460 - DEBUG - Starting new HTTP connection (1): api.openweathermap.org:80
2025-02-11 06:30:49,717 - DEBUG - http://api.openweathermap.org:80 "GET / HTTP/1.1" 301 166
2025-02-11 06:30:49,718 - DEBUG - Starting new HTTP connection (1): openweathermap.org:80
2025-02-11 06:30:50,169 - DEBUG - http://openweathermap.org:80 "GET /api HTTP/1.1" 301 169
2025-02-11 06:30:50,170 - DEBUG - Starting new HTTPS connection (1): openweathermap.org:443
2025-02-11 06:30:51,076 - DEBUG - https://openweathermap.org:443 "GET /api HTTP/1.1" 200 None
2025-02-11 06:30:51,093 - DEBUG - Intentando obtener clima de URL: http://api.openweathermap.org/data/2.5/weather?q=Popayan&appid=f6ef2198b35c024d94abdd27248f21fc&units=metric
2025-02-11 06:30:51,094 - DEBUG - Starting new HTTP connection (1): api.openweathermap.org:80
2025-02-11 06:30:51,316 - DEBUG - http://api.openweathermap.org:80 "GET /data/2.5/weather?q=Popayan&appid=f6ef2198b35c024d94abdd27248f21fc&units=metric HTTP/1.1" 401 108
2025-02-11 06:30:51,317 - ERROR - Error en la petición: 401 Client Error: Unauthorized for url: http://api.openweathermap.org/data/2.5/weather?q=Popayan&appid=f6ef2198b35c024d94abdd27248f21fc&units=metric
2025-02-11 06:30:57,627 - DEBUG - Starting new HTTP connection (1): api.openweathermap.org:80
2025-02-11 06:30:57,890 - DEBUG - http://api.openweathermap.org:80 "GET / HTTP/1.1" 301 166
2025-02-11 06:30:57,891 - DEBUG - Starting new HTTP connection (1): openweathermap.org:80
2025-02-11 06:30:58,569 - DEBUG - http://openweathermap.org:80 "GET /api HTTP/1.1" 301 169
2025-02-11 06:30:58,570 - DEBUG - Starting new HTTPS connection (1): openweathermap.org:443
2025-02-11 06:30:59,479 - DEBUG - https://openweathermap.org:443 "GET /api HTTP/1.1" 200 None
2025-02-11 06:30:59,525 - DEBUG - Intentando obtener clima de URL: http://api.openweathermap.org/data/2.5/weather?q=Popayan&appid=f6ef2198b35c024d94abdd27248f21fc&units=metric
2025-02-11 06:30:59,526 - DEBUG - Starting new HTTP connection (1): api.openweathermap.org:80
2025-02-11 06:30:59,787 - DEBUG - http://api.openweathermap.org:80 "GET /data/2.5/weather?q=Popayan&appid=f6ef2198b35c024d94abdd27248f21fc&units=metric HTTP/1.1" 401 108
2025-02-11 06:30:59,788 - ERROR - Error en la petición: 401 Client Error: Unauthorized for url: http://api.openweathermap.org/data/2.5/weather?q=Popayan&appid=f6ef2198b35c024d94abdd27248f21fc&units=metric
2025-02-11 06:31:07,619 - DEBUG - Starting new HTTP connection (1): api.openweathermap.org:80
2025-02-11 06:31:07,865 - DEBUG - http://api.openweathermap.org:80 "GET / HTTP/1.1" 301 166
2025-02-11 06:31:07,866 - DEBUG - Starting new HTTP connection (1): openweathermap.org:80
2025-02-11 06:31:08,318 - DEBUG - http://openweathermap.org:80 "GET /api HTTP/1.1" 301 169
2025-02-11 06:31:08,319 - DEBUG - Starting new HTTPS connection (1): openweathermap.org:443
2025-02-11 06:31:09,195 - DEBUG - https://openweathermap.org:443 "GET /api HTTP/1.1" 200 None
2025-02-11 06:31:09,217 - DEBUG - Intentando obtener clima de URL: http://api.openweathermap.org/data/2.5/weather?q=Popayan&appid=f6ef2198b35c024d94abdd27248f21fc&units=metric
2025-02-11 06:31:09,218 - DEBUG - Starting new HTTP connection (1): api.openweathermap.org:80
2025-02-11 06:31:09,477 - DEBUG - http://api.openweathermap.org:80 "GET /data/2.5/weather?q=Popayan&appid=f6ef2198b35c024d94abdd27248f21fc&units=metric HTTP/1.1" 401 108
2025-02-11 06:31:09,478 - ERROR - Error en la petición: 401 Client Error: Unauthorized for url: http://api.openweathermap.org/data/2.5/weather?q=Popayan&appid=f6ef2198b35c024d94abdd27248f21fc&units=metric
2025-02-11 06:31:17,627 - DEBUG - Starting new HTTP connection (1): api.openweathermap.org:80
2025-02-11 06:31:17,874 - DEBUG - http://api.openweathermap.org:80 "GET / HTTP/1.1" 301 166
2025-02-11 06:31:17,876 - DEBUG - Starting new HTTP connection (1): openweathermap.org:80
2025-02-11 06:31:18,324 - DEBUG - http://openweathermap.org:80 "GET /api HTTP/1.1" 301 169
2025-02-11 06:31:18,326 - DEBUG - Starting new HTTPS connection (1): openweathermap.org:443
2025-02-11 06:31:19,285 - DEBUG - https://openweathermap.org:443 "GET /api HTTP/1.1" 200 None
2025-02-11 06:31:19,297 - DEBUG - Intentando obtener clima de URL: http://api.openweathermap.org/data/2.5/weather?q=Popayan&appid=f6ef2198b35c024d94abdd27248f21fc&units=metric
2025-02-11 06:31:19,299 - DEBUG - Starting new HTTP connection (1): api.openweathermap.org:80
2025-02-11 06:31:19,521 - DEBUG - http://api.openweathermap.org:80 "GET /data/2.5/weather?q=Popayan&appid=f6ef2198b35c024d94abdd27248f21fc&units=metric HTTP/1.1" 401 108
2025-02-11 06:31:19,522 - ERROR - Error en la petición: 401 Client Error: Unauthorized for url: http://api.openweathermap.org/data/2.5/weather?q=Popayan&appid=f6ef2198b35c024d94abdd27248f21fc&units=metric
2025-02-11 06:31:25,775 - DEBUG - Starting new HTTP connection (1): api.openweathermap.org:80
2025-02-11 06:31:26,032 - DEBUG - http://api.openweathermap.org:80 "GET / HTTP/1.1" 301 166
2025-02-11 06:31:26,033 - DEBUG - Starting new HTTP connection (1): openweathermap.org:80
2025-02-11 06:31:26,487 - DEBUG - http://openweathermap.org:80 "GET /api HTTP/1.1" 301 169
2025-02-11 06:31:26,488 - DEBUG - Starting new HTTPS connection (1): openweathermap.org:443
2025-02-11 06:31:27,405 - DEBUG - https://openweathermap.org:443 "GET /api HTTP/1.1" 200 None
2025-02-11 06:31:27,433 - DEBUG - Intentando obtener clima de URL: http://api.openweathermap.org/data/2.5/weather?q=Popayan&appid=f6ef2198b35c024d94abdd27248f21fc&units=metric
2025-02-11 06:31:27,434 - DEBUG - Starting new HTTP connection (1): api.openweathermap.org:80
2025-02-11 06:31:27,681 - DEBUG - http://api.openweathermap.org:80 "GET /data/2.5/weather?q=Popayan&appid=f6ef2198b35c024d94abdd27248f21fc&units=metric HTTP/1.1" 401 108
2025-02-11 06:31:27,682 - ERROR - Error en la petición: 401 Client Error: Unauthorized for url: http://api.openweathermap.org/data/2.5/weather?q=Popayan&appid=f6ef2198b35c024d94abdd27248f21fc&units=metric
2025-02-11 06:31:35,773 - DEBUG - Starting new HTTP connection (1): api.openweathermap.org:80
2025-02-11 06:31:36,018 - DEBUG - http://api.openweathermap.org:80 "GET / HTTP/1.1" 301 166
2025-02-11 06:31:36,020 - DEBUG - Starting new HTTP connection (1): openweathermap.org:80
2025-02-11 06:31:36,464 - DEBUG - http://openweathermap.org:80 "GET /api HTTP/1.1" 301 169
2025-02-11 06:31:36,466 - DEBUG - Starting new HTTPS connection (1): openweathermap.org:443
2025-02-11 06:31:37,374 - DEBUG - https://openweathermap.org:443 "GET /api HTTP/1.1" 200 None
2025-02-11 06:31:37,446 - DEBUG - Intentando obtener clima de URL: http://api.openweathermap.org/data/2.5/weather?q=Popayan&appid=f6ef2198b35c024d94abdd27248f21fc&units=metric
2025-02-11 06:31:37,448 - DEBUG - Starting new HTTP connection (1): api.openweathermap.org:80
2025-02-11 06:31:37,682 - DEBUG - http://api.openweathermap.org:80 "GET /data/2.5/weather?q=Popayan&appid=f6ef2198b35c024d94abdd27248f21fc&units=metric HTTP/1.1" 401 108
2025-02-11 06:31:37,682 - ERROR - Error en la petición: 401 Client Error: Unauthorized for url: http://api.openweathermap.org/data/2.5/weather?q=Popayan&appid=f6ef2198b35c024d94abdd27248f21fc&units=metric
2025-02-11 06:31:45,766 - DEBUG - Starting new HTTP connection (1): api.openweathermap.org:80
2025-02-11 06:31:45,989 - DEBUG - http://api.openweathermap.org:80 "GET / HTTP/1.1" 301 166
2025-02-11 06:31:45,991 - DEBUG - Starting new HTTP connection (1): openweathermap.org:80
2025-02-11 06:31:46,456 - DEBUG - http://openweathermap.org:80 "GET /api HTTP/1.1" 301 169
2025-02-11 06:31:46,457 - DEBUG - Starting new HTTPS connection (1): openweathermap.org:443
2025-02-11 06:31:47,359 - DEBUG - https://openweathermap.org:443 "GET /api HTTP/1.1" 200 None
2025-02-11 06:31:47,453 - DEBUG - Intentando obtener clima de URL: http://api.openweathermap.org/data/2.5/weather?q=Popayan&appid=f6ef2198b35c024d94abdd27248f21fc&units=metric
2025-02-11 06:31:47,454 - DEBUG - Starting new HTTP connection (1): api.openweathermap.org:80
2025-02-11 06:31:47,688 - DEBUG - http://api.openweathermap.org:80 "GET /data/2.5/weather?q=Popayan&appid=f6ef2198b35c024d94abdd27248f21fc&units=metric HTTP/1.1" 401 108
2025-02-11 06:31:47,689 - ERROR - Error en la petición: 401 Client Error: Unauthorized for url: http://api.openweathermap.org/data/2.5/weather?q=Popayan&appid=f6ef2198b35c024d94abdd27248f21fc&units=metric
2025-02-11 06:31:53,897 - DEBUG - Starting new HTTP connection (1): api.openweathermap.org:80
2025-02-11 06:31:54,133 - DEBUG - http://api.openweathermap.org:80 "GET / HTTP/1.1" 301 166
2025-02-11 06:31:54,135 - DEBUG - Starting new HTTP connection (1): openweathermap.org:80
2025-02-11 06:31:54,601 - DEBUG - http://openweathermap.org:80 "GET /api HTTP/1.1" 301 169
2025-02-11 06:31:54,602 - DEBUG - Starting new HTTPS connection (1): openweathermap.org:443
2025-02-11 06:31:55,598 - DEBUG - https://openweathermap.org:443 "GET /api HTTP/1.1" 200 None
2025-02-11 06:31:55,646 - DEBUG - Intentando obtener clima de URL: http://api.openweathermap.org/data/2.5/weather?q=Popayan&appid=f6ef2198b35c024d94abdd27248f21fc&units=metric
2025-02-11 06:31:55,647 - DEBUG - Starting new HTTP connection (1): api.openweathermap.org:80
2025-02-11 06:31:55,893 - DEBUG - http://api.openweathermap.org:80 "GET /data/2.5/weather?q=Popayan&appid=f6ef2198b35c024d94abdd27248f21fc&units=metric HTTP/1.1" 401 108
2025-02-11 06:31:55,894 - ERROR - Error en la petición: 401 Client Error: Unauthorized for url: http://api.openweathermap.org/data/2.5/weather?q=Popayan&appid=f6ef2198b35c024d94abdd27248f21fc&units=metric
2025-02-11 06:32:03,896 - DEBUG - Starting new HTTP connection (1): api.openweathermap.org:80
2025-02-11 06:32:04,142 - DEBUG - http://api.openweathermap.org:80 "GET / HTTP/1.1" 301 166
2025-02-11 06:32:04,143 - DEBUG - Starting new HTTP connection (1): openweathermap.org:80
2025-02-11 06:32:04,878 - DEBUG - http://openweathermap.org:80 "GET /api HTTP/1.1" 301 169
2025-02-11 06:32:04,880 - DEBUG - Starting new HTTPS connection (1): openweathermap.org:443
2025-02-11 06:32:05,801 - DEBUG - https://openweathermap.org:443 "GET /api HTTP/1.1" 200 None
2025-02-11 06:32:05,815 - DEBUG - Intentando obtener clima de URL: http://api.openweathermap.org/data/2.5/weather?q=Popayan&appid=f6ef2198b35c024d94abdd27248f21fc&units=metric
2025-02-11 06:32:05,816 - DEBUG - Starting new HTTP connection (1): api.openweathermap.org:80
2025-02-11 06:32:06,043 - DEBUG - http://api.openweathermap.org:80 "GET /data/2.5/weather?q=Popayan&appid=f6ef2198b35c024d94abdd27248f21fc&units=metric HTTP/1.1" 401 108
2025-02-11 06:32:06,044 - ERROR - Error en la petición: 401 Client Error: Unauthorized for url: http://api.openweathermap.org/data/2.5/weather?q=Popayan&appid=f6ef2198b35c024d94abdd27248f21fc&units=metric
2025-02-11 06:32:13,895 - DEBUG - Starting new HTTP connection (1): api.openweathermap.org:80
2025-02-11 06:32:14,121 - DEBUG - http://api.openweathermap.org:80 "GET / HTTP/1.1" 301 166
2025-02-11 06:32:14,122 - DEBUG - Starting new HTTP connection (1): openweathermap.org:80
2025-02-11 06:32:14,556 - DEBUG - http://openweathermap.org:80 "GET /api HTTP/1.1" 301 169
2025-02-11 06:32:14,557 - DEBUG - Starting new HTTPS connection (1): openweathermap.org:443
2025-02-11 06:32:15,462 - DEBUG - https://openweathermap.org:443 "GET /api HTTP/1.1" 200 None
2025-02-11 06:32:15,463 - DEBUG - Intentando obtener clima de URL: http://api.openweathermap.org/data/2.5/weather?q=Popayan&appid=f6ef2198b35c024d94abdd27248f21fc&units=metric
2025-02-11 06:32:15,465 - DEBUG - Starting new HTTP connection (1): api.openweathermap.org:80
2025-02-11 06:32:15,692 - DEBUG - http://api.openweathermap.org:80 "GET /data/2.5/weather?q=Popayan&appid=f6ef2198b35c024d94abdd27248f21fc&units=metric HTTP/1.1" 401 108
2025-02-11 06:32:15,692 - ERROR - Error en la petición: 401 Client Error: Unauthorized for url: http://api.openweathermap.org/data/2.5/weather?q=Popayan&appid=f6ef2198b35c024d94abdd27248f21fc&units=metric
2025-02-11 06:32:23,901 - DEBUG - Starting new HTTP connection (1): api.openweathermap.org:80
2025-02-11 06:32:24,130 - DEBUG - http://api.openweathermap.org:80 "GET / HTTP/1.1" 301 166
2025-02-11 06:32:24,131 - DEBUG - Starting new HTTP connection (1): openweathermap.org:80
2025-02-11 06:32:24,567 - DEBUG - http://openweathermap.org:80 "GET /api HTTP/1.1" 301 169
2025-02-11 06:32:24,568 - DEBUG - Starting new HTTPS connection (1): openweathermap.org:443
2025-02-11 06:32:23,688 - DEBUG - https://openweathermap.org:443 "GET /api HTTP/1.1" 200 None
2025-02-11 06:32:23,709 - DEBUG - Intentando obtener clima de URL: http://api.openweathermap.org/data/2.5/weather?q=Popayan&appid=f6ef2198b35c024d94abdd27248f21fc&units=metric
2025-02-11 06:32:23,710 - DEBUG - Starting new HTTP connection (1): api.openweathermap.org:80
2025-02-11 06:32:23,939 - DEBUG - http://api.openweathermap.org:80 "GET /data/2.5/weather?q=Popayan&appid=f6ef2198b35c024d94abdd27248f21fc&units=metric HTTP/1.1" 401 108
2025-02-11 06:32:23,939 - ERROR - Error en la petición: 401 Client Error: Unauthorized for url: http://api.openweathermap.org/data/2.5/weather?q=Popayan&appid=f6ef2198b35c024d94abdd27248f21fc&units=metric
2025-02-11 06:32:32,099 - DEBUG - Starting new HTTP connection (1): api.openweathermap.org:80
2025-02-11 06:32:32,314 - DEBUG - http://api.openweathermap.org:80 "GET / HTTP/1.1" 301 166
2025-02-11 06:32:32,315 - DEBUG - Starting new HTTP connection (1): openweathermap.org:80
2025-02-11 06:32:32,754 - DEBUG - http://openweathermap.org:80 "GET /api HTTP/1.1" 301 169
2025-02-11 06:32:32,755 - DEBUG - Starting new HTTPS connection (1): openweathermap.org:443
2025-02-11 06:32:33,686 - DEBUG - https://openweathermap.org:443 "GET /api HTTP/1.1" 200 None
2025-02-11 06:32:33,725 - DEBUG - Intentando obtener clima de URL: http://api.openweathermap.org/data/2.5/weather?q=Popayan&appid=f6ef2198b35c024d94abdd27248f21fc&units=metric
2025-02-11 06:32:33,726 - DEBUG - Starting new HTTP connection (1): api.openweathermap.org:80
2025-02-11 06:32:33,963 - DEBUG - http://api.openweathermap.org:80 "GET /data/2.5/weather?q=Popayan&appid=f6ef2198b35c024d94abdd27248f21fc&units=metric HTTP/1.1" 401 108
2025-02-11 06:32:33,964 - ERROR - Error en la petición: 401 Client Error: Unauthorized for url: http://api.openweathermap.org/data/2.5/weather?q=Popayan&appid=f6ef2198b35c024d94abdd27248f21fc&units=metric
2025-02-11 06:32:42,100 - DEBUG - Starting new HTTP connection (1): api.openweathermap.org:80
2025-02-11 06:32:42,380 - DEBUG - http://api.openweathermap.org:80 "GET / HTTP/1.1" 301 166
2025-02-11 06:32:42,381 - DEBUG - Starting new HTTP connection (1): openweathermap.org:80
2025-02-11 06:32:42,851 - DEBUG - http://openweathermap.org:80 "GET /api HTTP/1.1" 301 169
2025-02-11 06:32:42,852 - DEBUG - Starting new HTTPS connection (1): openweathermap.org:443
2025-02-11 06:32:43,827 - DEBUG - https://openweathermap.org:443 "GET /api HTTP/1.1" 200 None
2025-02-11 06:32:43,829 - DEBUG - Intentando obtener clima de URL: http://api.openweathermap.org/data/2.5/weather?q=Popayan&appid=f6ef2198b35c024d94abdd27248f21fc&units=metric
2025-02-11 06:32:43,829 - DEBUG - Starting new HTTP connection (1): api.openweathermap.org:80
2025-02-11 06:32:44,061 - DEBUG - http://api.openweathermap.org:80 "GET /data/2.5/weather?q=Popayan&appid=f6ef2198b35c024d94abdd27248f21fc&units=metric HTTP/1.1" 401 108
2025-02-11 06:32:44,062 - ERROR - Error en la petición: 401 Client Error: Unauthorized for url: http://api.openweathermap.org/data/2.5/weather?q=Popayan&appid=f6ef2198b35c024d94abdd27248f21fc&units=metric
2025-02-11 06:32:52,093 - DEBUG - Starting new HTTP connection (1): api.openweathermap.org:80
2025-02-11 06:32:52,477 - DEBUG - http://api.openweathermap.org:80 "GET / HTTP/1.1" 301 166
2025-02-11 06:32:52,478 - DEBUG - Starting new HTTP connection (1): openweathermap.org:80
2025-02-11 06:32:52,924 - DEBUG - http://openweathermap.org:80 "GET /api HTTP/1.1" 301 169
2025-02-11 06:32:52,925 - DEBUG - Starting new HTTPS connection (1): openweathermap.org:443
2025-02-11 06:32:53,817 - DEBUG - https://openweathermap.org:443 "GET /api HTTP/1.1" 200 None
2025-02-11 06:32:53,841 - DEBUG - Intentando obtener clima de URL: http://api.openweathermap.org/data/2.5/weather?q=Popayan&appid=f6ef2198b35c024d94abdd27248f21fc&units=metric
2025-02-11 06:32:53,842 - DEBUG - Starting new HTTP connection (1): api.openweathermap.org:80
2025-02-11 06:32:54,089 - DEBUG - http://api.openweathermap.org:80 "GET /data/2.5/weather?q=Popayan&appid=f6ef2198b35c024d94abdd27248f21fc&units=metric HTTP/1.1" 401 108
2025-02-11 06:32:54,090 - ERROR - Error en la petición: 401 Client Error: Unauthorized for url: http://api.openweathermap.org/data/2.5/weather?q=Popayan&appid=f6ef2198b35c024d94abdd27248f21fc&units=metric
2025-02-11 06:33:00,262 - DEBUG - Starting new HTTP connection (1): api.openweathermap.org:80
2025-02-11 06:33:00,641 - DEBUG - http://api.openweathermap.org:80 "GET / HTTP/1.1" 301 166
2025-02-11 06:33:00,643 - DEBUG - Starting new HTTP connection (1): openweathermap.org:80
2025-02-11 06:33:01,137 - DEBUG - http://openweathermap.org:80 "GET /api HTTP/1.1" 301 169
2025-02-11 06:33:01,138 - DEBUG - Starting new HTTPS connection (1): openweathermap.org:443
2025-02-11 06:33:02,099 - DEBUG - https://openweathermap.org:443 "GET /api HTTP/1.1" 200 None
2025-02-11 06:33:02,145 - DEBUG - Intentando obtener clima de URL: http://api.openweathermap.org/data/2.5/weather?q=Popayan&appid=f6ef2198b35c024d94abdd27248f21fc&units=metric
2025-02-11 06:33:02,146 - DEBUG - Starting new HTTP connection (1): api.openweathermap.org:80
2025-02-11 06:33:02,401 - DEBUG - http://api.openweathermap.org:80 "GET /data/2.5/weather?q=Popayan&appid=f6ef2198b35c024d94abdd27248f21fc&units=metric HTTP/1.1" 401 108
2025-02-11 06:33:02,402 - ERROR - Error en la petición: 401 Client Error: Unauthorized for url: http://api.openweathermap.org/data/2.5/weather?q=Popayan&appid=f6ef2198b35c024d94abdd27248f21fc&units=metric
2025-02-11 06:33:10,264 - DEBUG - Starting new HTTP connection (1): api.openweathermap.org:80
2025-02-11 06:33:10,529 - DEBUG - http://api.openweathermap.org:80 "GET / HTTP/1.1" 301 166
2025-02-11 06:33:10,530 - DEBUG - Starting new HTTP connection (1): openweathermap.org:80
2025-02-11 06:33:11,218 - DEBUG - http://openweathermap.org:80 "GET /api HTTP/1.1" 301 169
2025-02-11 06:33:11,219 - DEBUG - Starting new HTTPS connection (1): openweathermap.org:443
2025-02-11 06:33:12,109 - DEBUG - https://openweathermap.org:443 "GET /api HTTP/1.1" 200 None
2025-02-11 06:33:12,119 - DEBUG - Intentando obtener clima de URL: http://api.openweathermap.org/data/2.5/weather?q=Popayan&appid=f6ef2198b35c024d94abdd27248f21fc&units=metric
2025-02-11 06:33:12,120 - DEBUG - Starting new HTTP connection (1): api.openweathermap.org:80
2025-02-11 06:33:12,356 - DEBUG - http://api.openweathermap.org:80 "GET /data/2.5/weather?q=Popayan&appid=f6ef2198b35c024d94abdd27248f21fc&units=metric HTTP/1.1" 401 108
2025-02-11 06:33:12,357 - ERROR - Error en la petición: 401 Client Error: Unauthorized for url: http://api.openweathermap.org/data/2.5/weather?q=Popayan&appid=f6ef2198b35c024d94abdd27248f21fc&units=metric
2025-02-11 06:33:20,260 - DEBUG - Starting new HTTP connection (1): api.openweathermap.org:80
2025-02-11 06:33:20,518 - DEBUG - http://api.openweathermap.org:80 "GET / HTTP/1.1" 301 166
2025-02-11 06:33:20,519 - DEBUG - Starting new HTTP connection (1): openweathermap.org:80
2025-02-11 06:33:21,030 - DEBUG - http://openweathermap.org:80 "GET /api HTTP/1.1" 301 169
2025-02-11 06:33:21,032 - DEBUG - Starting new HTTPS connection (1): openweathermap.org:443
2025-02-11 06:33:21,939 - DEBUG - https://openweathermap.org:443 "GET /api HTTP/1.1" 200 None
2025-02-11 06:33:21,988 - DEBUG - Intentando obtener clima de URL: http://api.openweathermap.org/data/2.5/weather?q=Popayan&appid=f6ef2198b35c024d94abdd27248f21fc&units=metric
2025-02-11 06:33:21,989 - DEBUG - Starting new HTTP connection (1): api.openweathermap.org:80
2025-02-11 06:33:22,215 - DEBUG - http://api.openweathermap.org:80 "GET /data/2.5/weather?q=Popayan&appid=f6ef2198b35c024d94abdd27248f21fc&units=metric HTTP/1.1" 401 108
2025-02-11 06:33:22,216 - ERROR - Error en la petición: 401 Client Error: Unauthorized for url: http://api.openweathermap.org/data/2.5/weather?q=Popayan&appid=f6ef2198b35c024d94abdd27248f21fc&units=metric
2025-02-11 06:33:28,425 - DEBUG - Starting new HTTP connection (1): api.openweathermap.org:80
2025-02-11 06:33:28,665 - DEBUG - http://api.openweathermap.org:80 "GET / HTTP/1.1" 301 166
2025-02-11 06:33:28,666 - DEBUG - Starting new HTTP connection (1): openweathermap.org:80
2025-02-11 06:33:29,118 - DEBUG - http://openweathermap.org:80 "GET /api HTTP/1.1" 301 169
2025-02-11 06:33:29,120 - DEBUG - Starting new HTTPS connection (1): openweathermap.org:443
2025-02-11 06:33:30,043 - DEBUG - https://openweathermap.org:443 "GET /api HTTP/1.1" 200 None
2025-02-11 06:33:30,068 - DEBUG - Intentando obtener clima de URL: http://api.openweathermap.org/data/2.5/weather?q=Popayan&appid=f6ef2198b35c024d94abdd27248f21fc&units=metric
2025-02-11 06:33:30,069 - DEBUG - Starting new HTTP connection (1): api.openweathermap.org:80
2025-02-11 06:33:30,300 - DEBUG - http://api.openweathermap.org:80 "GET /data/2.5/weather?q=Popayan&appid=f6ef2198b35c024d94abdd27248f21fc&units=metric HTTP/1.1" 401 108
2025-02-11 06:33:30,301 - ERROR - Error en la petición: 401 Client Error: Unauthorized for url: http://api.openweathermap.org/data/2.5/weather?q=Popayan&appid=f6ef2198b35c024d94abdd27248f21fc&units=metric
2025-02-11 06:33:38,425 - DEBUG - Starting new HTTP connection (1): api.openweathermap.org:80
2025-02-11 06:33:38,707 - DEBUG - http://api.openweathermap.org:80 "GET / HTTP/1.1" 301 166
2025-02-11 06:33:38,708 - DEBUG - Starting new HTTP connection (1): openweathermap.org:80
2025-02-11 06:33:39,204 - DEBUG - http://openweathermap.org:80 "GET /api HTTP/1.1" 301 169
2025-02-11 06:33:39,205 - DEBUG - Starting new HTTPS connection (1): openweathermap.org:443
2025-02-11 06:33:40,112 - DEBUG - https://openweathermap.org:443 "GET /api HTTP/1.1" 200 None
2025-02-11 06:33:40,181 - DEBUG - Intentando obtener clima de URL: http://api.openweathermap.org/data/2.5/weather?q=Popayan&appid=f6ef2198b35c024d94abdd27248f21fc&units=metric
2025-02-11 06:33:40,182 - DEBUG - Starting new HTTP connection (1): api.openweathermap.org:80
2025-02-11 06:33:40,472 - DEBUG - http://api.openweathermap.org:80 "GET /data/2.5/weather?q=Popayan&appid=f6ef2198b35c024d94abdd27248f21fc&units=metric HTTP/1.1" 401 108
2025-02-11 06:33:40,473 - ERROR - Error en la petición: 401 Client Error: Unauthorized for url: http://api.openweathermap.org/data/2.5/weather?q=Popayan&appid=f6ef2198b35c024d94abdd27248f21fc&units=metric
2025-02-11 06:33:48,429 - DEBUG - Starting new HTTP connection (1): api.openweathermap.org:80
2025-02-11 06:33:48,650 - DEBUG - http://api.openweathermap.org:80 "GET / HTTP/1.1" 301 166
2025-02-11 06:33:48,652 - DEBUG - Starting new HTTP connection (1): openweathermap.org:80
2025-02-11 06:33:49,136 - DEBUG - http://openweathermap.org:80 "GET /api HTTP/1.1" 301 169
2025-02-11 06:33:49,137 - DEBUG - Starting new HTTPS connection (1): openweathermap.org:443
2025-02-11 06:33:50,082 - DEBUG - https://openweathermap.org:443 "GET /api HTTP/1.1" 200 None
2025-02-11 06:33:50,120 - DEBUG - Intentando obtener clima de URL: http://api.openweathermap.org/data/2.5/weather?q=Popayan&appid=f6ef2198b35c024d94abdd27248f21fc&units=metric
2025-02-11 06:33:50,121 - DEBUG - Starting new HTTP connection (1): api.openweathermap.org:80
2025-02-11 06:33:50,379 - DEBUG - http://api.openweathermap.org:80 "GET /data/2.5/weather?q=Popayan&appid=f6ef2198b35c024d94abdd27248f21fc&units=metric HTTP/1.1" 401 108
2025-02-11 06:33:50,379 - ERROR - Error en la petición: 401 Client Error: Unauthorized for url: http://api.openweathermap.org/data/2.5/weather?q=Popayan&appid=f6ef2198b35c024d94abdd27248f21fc&units=metric
2025-02-11 06:33:56,590 - DEBUG - Starting new HTTP connection (1): api.openweathermap.org:80
2025-02-11 06:33:56,936 - DEBUG - http://api.openweathermap.org:80 "GET / HTTP/1.1" 301 166
2025-02-11 06:33:56,937 - DEBUG - Starting new HTTP connection (1): openweathermap.org:80
2025-02-11 06:33:57,386 - DEBUG - http://openweathermap.org:80 "GET /api HTTP/1.1" 301 169
2025-02-11 06:33:57,387 - DEBUG - Starting new HTTPS connection (1): openweathermap.org:443
2025-02-11 06:33:58,309 - DEBUG - https://openweathermap.org:443 "GET /api HTTP/1.1" 200 None
2025-02-11 06:33:58,336 - DEBUG - Intentando obtener clima de URL: http://api.openweathermap.org/data/2.5/weather?q=Popayan&appid=f6ef2198b35c024d94abdd27248f21fc&units=metric
2025-02-11 06:33:58,337 - DEBUG - Starting new HTTP connection (1): api.openweathermap.org:80
2025-02-11 06:33:58,583 - DEBUG - http://api.openweathermap.org:80 "GET /data/2.5/weather?q=Popayan&appid=f6ef2198b35c024d94abdd27248f21fc&units=metric HTTP/1.1" 401 108
2025-02-11 06:33:58,599 - ERROR - Error en la petición: 401 Client Error: Unauthorized for url: http://api.openweathermap.org/data/2.5/weather?q=Popayan&appid=f6ef2198b35c024d94abdd27248f21fc&units=metric
2025-02-11 06:35:19,686 - DEBUG - Intentando conectar a WeatherUnlocked...
2025-02-11 06:35:19,688 - DEBUG - Starting new HTTP connection (1): api.weatherunlocked.com:80
2025-02-11 06:35:20,272 - DEBUG - http://api.weatherunlocked.com:80 "GET /api/current/2.4448,-76.6147 HTTP/1.1" 403 None
2025-02-11 06:35:20,273 - DEBUG - Código de estado HTTP: 403
2025-02-11 06:35:20,273 - ERROR - Error API: 403 - Authentication parameters missing
2025-02-11 06:35:28,032 - DEBUG - Intentando conectar a WeatherUnlocked...
2025-02-11 06:35:28,034 - DEBUG - Starting new HTTP connection (1): api.weatherunlocked.com:80
2025-02-11 06:35:28,550 - DEBUG - http://api.weatherunlocked.com:80 "GET /api/current/2.4448,-76.6147 HTTP/1.1" 403 None
2025-02-11 06:35:28,551 - DEBUG - Código de estado HTTP: 403
2025-02-11 06:35:28,551 - ERROR - Error API: 403 - Authentication parameters missing
2025-02-11 06:35:38,032 - DEBUG - Intentando conectar a WeatherUnlocked...
2025-02-11 06:35:38,033 - DEBUG - Starting new HTTP connection (1): api.weatherunlocked.com:80
2025-02-11 06:35:39,025 - DEBUG - http://api.weatherunlocked.com:80 "GET /api/current/2.4448,-76.6147 HTTP/1.1" 403 None
2025-02-11 06:35:39,026 - DEBUG - Código de estado HTTP: 403
2025-02-11 06:35:39,027 - ERROR - Error API: 403 - Authentication parameters missing
2025-02-11 06:35:48,032 - DEBUG - Intentando conectar a WeatherUnlocked...
2025-02-11 06:35:48,033 - DEBUG - Starting new HTTP connection (1): api.weatherunlocked.com:80
2025-02-11 06:35:48,446 - DEBUG - http://api.weatherunlocked.com:80 "GET /api/current/2.4448,-76.6147 HTTP/1.1" 403 None
2025-02-11 06:35:48,447 - DEBUG - Código de estado HTTP: 403
2025-02-11 06:35:48,448 - ERROR - Error API: 403 - Authentication parameters missing
2025-02-11 06:35:56,197 - DEBUG - Intentando conectar a WeatherUnlocked...
2025-02-11 06:35:56,198 - DEBUG - Starting new HTTP connection (1): api.weatherunlocked.com:80
2025-02-11 06:35:57,608 - DEBUG - http://api.weatherunlocked.com:80 "GET /api/current/2.4448,-76.6147 HTTP/1.1" 403 None
2025-02-11 06:35:57,608 - DEBUG - Código de estado HTTP: 403
2025-02-11 06:35:57,609 - ERROR - Error API: 403 - Authentication parameters missing
2025-02-11 06:36:06,204 - DEBUG - Intentando conectar a WeatherUnlocked...
2025-02-11 06:36:06,205 - DEBUG - Starting new HTTP connection (1): api.weatherunlocked.com:80
2025-02-11 06:36:06,717 - DEBUG - http://api.weatherunlocked.com:80 "GET /api/current/2.4448,-76.6147 HTTP/1.1" 403 None
2025-02-11 06:36:06,718 - DEBUG - Código de estado HTTP: 403
2025-02-11 06:36:06,718 - ERROR - Error API: 403 - Authentication parameters missing
2025-02-11 06:36:16,200 - DEBUG - Intentando conectar a WeatherUnlocked...
2025-02-11 06:36:16,202 - DEBUG - Starting new HTTP connection (1): api.weatherunlocked.com:80
2025-02-11 06:36:16,618 - DEBUG - http://api.weatherunlocked.com:80 "GET /api/current/2.4448,-76.6147 HTTP/1.1" 403 None
2025-02-11 06:36:16,619 - DEBUG - Código de estado HTTP: 403
2025-02-11 06:36:16,619 - ERROR - Error API: 403 - Authentication parameters missing
2025-02-11 06:36:26,197 - DEBUG - Intentando conectar a WeatherUnlocked...
2025-02-11 06:36:26,198 - DEBUG - Starting new HTTP connection (1): api.weatherunlocked.com:80
2025-02-11 06:36:26,676 - DEBUG - http://api.weatherunlocked.com:80 "GET /api/current/2.4448,-76.6147 HTTP/1.1" 403 None
2025-02-11 06:36:26,677 - DEBUG - Código de estado HTTP: 403
2025-02-11 06:36:26,677 - ERROR - Error API: 403 - Authentication parameters missing
2025-02-11 06:36:34,361 - DEBUG - Intentando conectar a WeatherUnlocked...
2025-02-11 06:36:34,362 - DEBUG - Starting new HTTP connection (1): api.weatherunlocked.com:80
2025-02-11 06:36:34,805 - DEBUG - http://api.weatherunlocked.com:80 "GET /api/current/2.4448,-76.6147 HTTP/1.1" 403 None
2025-02-11 06:36:34,806 - DEBUG - Código de estado HTTP: 403
2025-02-11 06:36:34,806 - ERROR - Error API: 403 - Authentication parameters missing
2025-02-11 06:36:44,361 - DEBUG - Intentando conectar a WeatherUnlocked...
2025-02-11 06:36:44,362 - DEBUG - Starting new HTTP connection (1): api.weatherunlocked.com:80
2025-02-11 06:36:44,842 - DEBUG - http://api.weatherunlocked.com:80 "GET /api/current/2.4448,-76.6147 HTTP/1.1" 403 None
2025-02-11 06:36:44,843 - DEBUG - Código de estado HTTP: 403
2025-02-11 06:36:44,843 - ERROR - Error API: 403 - Authentication parameters missing
2025-02-11 06:36:54,359 - DEBUG - Intentando conectar a WeatherUnlocked...
2025-02-11 06:36:54,360 - DEBUG - Starting new HTTP connection (1): api.weatherunlocked.com:80
2025-02-11 06:36:54,806 - DEBUG - http://api.weatherunlocked.com:80 "GET /api/current/2.4448,-76.6147 HTTP/1.1" 403 None
2025-02-11 06:36:54,807 - DEBUG - Código de estado HTTP: 403
2025-02-11 06:36:54,807 - ERROR - Error API: 403 - Authentication parameters missing
2025-02-11 06:37:02,512 - DEBUG - Intentando conectar a WeatherUnlocked...
2025-02-11 06:37:02,514 - DEBUG - Starting new HTTP connection (1): api.weatherunlocked.com:80
2025-02-11 06:37:02,933 - DEBUG - http://api.weatherunlocked.com:80 "GET /api/current/2.4448,-76.6147 HTTP/1.1" 403 None
2025-02-11 06:37:02,933 - DEBUG - Código de estado HTTP: 403
2025-02-11 06:37:02,934 - ERROR - Error API: 403 - Authentication parameters missing
2025-02-11 06:37:12,524 - DEBUG - Intentando conectar a WeatherUnlocked...
2025-02-11 06:37:12,525 - DEBUG - Starting new HTTP connection (1): api.weatherunlocked.com:80
2025-02-11 06:37:13,015 - DEBUG - http://api.weatherunlocked.com:80 "GET /api/current/2.4448,-76.6147 HTTP/1.1" 403 None
2025-02-11 06:37:13,016 - DEBUG - Código de estado HTTP: 403
2025-02-11 06:37:13,016 - ERROR - Error API: 403 - Authentication parameters missing
2025-02-11 06:37:22,507 - DEBUG - Intentando conectar a WeatherUnlocked...
2025-02-11 06:37:22,508 - DEBUG - Starting new HTTP connection (1): api.weatherunlocked.com:80
2025-02-11 06:37:24,038 - DEBUG - http://api.weatherunlocked.com:80 "GET /api/current/2.4448,-76.6147 HTTP/1.1" 403 None
2025-02-11 06:37:24,039 - DEBUG - Código de estado HTTP: 403
2025-02-11 06:37:24,039 - ERROR - Error API: 403 - Authentication parameters missing
2025-02-11 06:37:30,660 - DEBUG - Intentando conectar a WeatherUnlocked...
2025-02-11 06:37:30,662 - DEBUG - Starting new HTTP connection (1): api.weatherunlocked.com:80
2025-02-11 06:37:31,079 - DEBUG - http://api.weatherunlocked.com:80 "GET /api/current/2.4448,-76.6147 HTTP/1.1" 403 None
2025-02-11 06:37:31,080 - DEBUG - Código de estado HTTP: 403
2025-02-11 06:37:31,080 - ERROR - Error API: 403 - Authentication parameters missing
2025-02-11 06:37:40,662 - DEBUG - Intentando conectar a WeatherUnlocked...
2025-02-11 06:37:40,663 - DEBUG - Starting new HTTP connection (1): api.weatherunlocked.com:80
2025-02-11 06:37:41,135 - DEBUG - http://api.weatherunlocked.com:80 "GET /api/current/2.4448,-76.6147 HTTP/1.1" 403 None
2025-02-11 06:37:41,136 - DEBUG - Código de estado HTTP: 403
2025-02-11 06:37:41,136 - ERROR - Error API: 403 - Authentication parameters missing
2025-02-11 06:37:50,658 - DEBUG - Intentando conectar a WeatherUnlocked...
2025-02-11 06:37:50,660 - DEBUG - Starting new HTTP connection (1): api.weatherunlocked.com:80
2025-02-11 06:37:51,156 - DEBUG - http://api.weatherunlocked.com:80 "GET /api/current/2.4448,-76.6147 HTTP/1.1" 403 None
2025-02-11 06:37:51,157 - DEBUG - Código de estado HTTP: 403
2025-02-11 06:37:51,157 - ERROR - Error API: 403 - Authentication parameters missing
2025-02-11 06:37:57,452 - DEBUG - Intentando conectar a WeatherUnlocked...
2025-02-11 06:37:57,454 - DEBUG - Starting new HTTP connection (1): api.weatherunlocked.com:80
2025-02-11 06:37:58,347 - DEBUG - http://api.weatherunlocked.com:80 "GET /api/current/2.4448,-76.6147?app_id=e2c5c5e4&app_key=519d24835c42f18e42f8bfc8f64c3e6a HTTP/1.1" 200 450
2025-02-11 06:37:58,348 - DEBUG - Código de estado HTTP: 200
2025-02-11 06:37:58,349 - DEBUG - URL completa: http://api.weatherunlocked.com/api/current/2.4448,-76.6147?app_id=e2c5c5e4&app_key=519d24835c42f18e42f8bfc8f64c3e6a
2025-02-11 06:37:58,350 - DEBUG - Respuesta: {'lat': 3.55, 'lon': -76.38, 'alt_m': 961.0, 'alt_ft': 3152.89, 'wx_desc': 'Rain', 'wx_code': 62, 'wx_icon': 'ModRainSwrsNight.gif', 'temp_c': 19.0, 'temp_f': 66.2, 'feelslike_c': 24.94, 'feelslike_f': 76.88, 'humid_pct': 100.0, 'windspd_mph': 0.0, 'windspd_kmh': 0.0, 'windspd_kts': 0.0, 'windspd_ms': 0.0, 'winddir_deg': 280.0, 'winddir_compass': 'W', 'cloudtotal_pct': 75.0, 'vis_km': 5.0, 'vis_mi': 3.11, 'vis_desc': None, 'slp_mb': 1013.9, 'slp_in': 30.03, 'dewpoint_c': 19.0, 'dewpoint_f': 66.2}
2025-02-11 06:37:58,356 - INFO - Clima actualizado exitosamente: 🌡️ 19.0°C | Rain
💧 Humedad: 100.0%
2025-02-11 06:39:13,784 - DEBUG - Intentando conectar a WeatherUnlocked...
2025-02-11 06:39:13,786 - DEBUG - Starting new HTTP connection (1): api.weatherunlocked.com:80
2025-02-11 06:39:14,304 - DEBUG - http://api.weatherunlocked.com:80 "GET /api/current/2.4448,-76.6147?app_id=e2c5c5e4&app_key=519d24835c42f18e42f8bfc8f64c3e6a HTTP/1.1" 200 450
2025-02-11 06:39:14,305 - DEBUG - Código de estado HTTP: 200
2025-02-11 06:39:14,306 - DEBUG - URL completa: http://api.weatherunlocked.com/api/current/2.4448,-76.6147?app_id=e2c5c5e4&app_key=519d24835c42f18e42f8bfc8f64c3e6a
2025-02-11 06:39:14,307 - DEBUG - Respuesta: {'lat': 3.55, 'lon': -76.38, 'alt_m': 961.0, 'alt_ft': 3152.89, 'wx_desc': 'Rain', 'wx_code': 62, 'wx_icon': 'ModRainSwrsNight.gif', 'temp_c': 19.0, 'temp_f': 66.2, 'feelslike_c': 24.94, 'feelslike_f': 76.88, 'humid_pct': 100.0, 'windspd_mph': 0.0, 'windspd_kmh': 0.0, 'windspd_kts': 0.0, 'windspd_ms': 0.0, 'winddir_deg': 280.0, 'winddir_compass': 'W', 'cloudtotal_pct': 75.0, 'vis_km': 5.0, 'vis_mi': 3.11, 'vis_desc': None, 'slp_mb': 1013.9, 'slp_in': 30.03, 'dewpoint_c': 19.0, 'dewpoint_f': 66.2}
2025-02-11 06:39:14,307 - INFO - Clima actualizado exitosamente: > 19.0°C | Rain
> Humedad: 100.0%
2025-02-11 06:57:48,930 - DEBUG - Intentando conectar a WeatherUnlocked...
2025-02-11 06:57:48,931 - DEBUG - Starting new HTTP connection (1): api.weatherunlocked.com:80
2025-02-11 06:57:49,561 - DEBUG - http://api.weatherunlocked.com:80 "GET /api/current/2.4448,-76.6147?app_id=e2c5c5e4&app_key=519d24835c42f18e42f8bfc8f64c3e6a HTTP/1.1" 200 450
2025-02-11 06:57:49,562 - DEBUG - Código de estado HTTP: 200
2025-02-11 06:57:49,563 - DEBUG - URL completa: http://api.weatherunlocked.com/api/current/2.4448,-76.6147?app_id=e2c5c5e4&app_key=519d24835c42f18e42f8bfc8f64c3e6a
2025-02-11 06:57:49,563 - DEBUG - Respuesta: {'lat': 3.55, 'lon': -76.38, 'alt_m': 961.0, 'alt_ft': 3152.89, 'wx_desc': 'Rain', 'wx_code': 62, 'wx_icon': 'ModRainSwrsNight.gif', 'temp_c': 19.0, 'temp_f': 66.2, 'feelslike_c': 24.94, 'feelslike_f': 76.88, 'humid_pct': 100.0, 'windspd_mph': 0.0, 'windspd_kmh': 0.0, 'windspd_kts': 0.0, 'windspd_ms': 0.0, 'winddir_deg': 280.0, 'winddir_compass': 'W', 'cloudtotal_pct': 75.0, 'vis_km': 5.0, 'vis_mi': 3.11, 'vis_desc': None, 'slp_mb': 1013.9, 'slp_in': 30.03, 'dewpoint_c': 19.0, 'dewpoint_f': 66.2}
2025-02-11 06:57:49,564 - INFO - Clima actualizado exitosamente: > 19.0°C | Rain
> Humedad: 100.0%
2025-02-11 07:01:30,809 - DEBUG - Intentando conectar a WeatherUnlocked...
2025-02-11 07:01:30,811 - DEBUG - Starting new HTTP connection (1): api.weatherunlocked.com:80
2025-02-11 07:01:31,426 - DEBUG - http://api.weatherunlocked.com:80 "GET /api/current/2.4448,-76.6147?app_id=e2c5c5e4&app_key=519d24835c42f18e42f8bfc8f64c3e6a HTTP/1.1" 200 450
2025-02-11 07:01:31,427 - DEBUG - Código de estado HTTP: 200
2025-02-11 07:01:31,428 - DEBUG - URL completa: http://api.weatherunlocked.com/api/current/2.4448,-76.6147?app_id=e2c5c5e4&app_key=519d24835c42f18e42f8bfc8f64c3e6a
2025-02-11 07:01:31,428 - DEBUG - Respuesta: {'lat': 3.55, 'lon': -76.38, 'alt_m': 961.0, 'alt_ft': 3152.89, 'wx_desc': 'Rain', 'wx_code': 62, 'wx_icon': 'ModRainSwrsNight.gif', 'temp_c': 19.0, 'temp_f': 66.2, 'feelslike_c': 24.94, 'feelslike_f': 76.88, 'humid_pct': 100.0, 'windspd_mph': 0.0, 'windspd_kmh': 0.0, 'windspd_kts': 0.0, 'windspd_ms': 0.0, 'winddir_deg': 280.0, 'winddir_compass': 'W', 'cloudtotal_pct': 75.0, 'vis_km': 5.0, 'vis_mi': 3.11, 'vis_desc': None, 'slp_mb': 1013.9, 'slp_in': 30.03, 'dewpoint_c': 19.0, 'dewpoint_f': 66.2}
2025-02-11 07:01:31,429 - INFO - Clima actualizado exitosamente: > 19.0°C | Rain
> Humedad: 100.0%
2025-02-11 07:01:48,785 - DEBUG - Intentando conectar a WeatherUnlocked...
2025-02-11 07:01:48,788 - DEBUG - Starting new HTTP connection (1): api.weatherunlocked.com:80
2025-02-11 07:01:49,428 - DEBUG - http://api.weatherunlocked.com:80 "GET /api/current/2.4448,-76.6147?app_id=e2c5c5e4&app_key=519d24835c42f18e42f8bfc8f64c3e6a HTTP/1.1" 200 450
2025-02-11 07:01:49,429 - DEBUG - Código de estado HTTP: 200
2025-02-11 07:01:49,429 - DEBUG - URL completa: http://api.weatherunlocked.com/api/current/2.4448,-76.6147?app_id=e2c5c5e4&app_key=519d24835c42f18e42f8bfc8f64c3e6a
2025-02-11 07:01:49,430 - DEBUG - Respuesta: {'lat': 3.55, 'lon': -76.38, 'alt_m': 961.0, 'alt_ft': 3152.89, 'wx_desc': 'Rain', 'wx_code': 62, 'wx_icon': 'ModRainSwrsNight.gif', 'temp_c': 19.0, 'temp_f': 66.2, 'feelslike_c': 24.94, 'feelslike_f': 76.88, 'humid_pct': 100.0, 'windspd_mph': 0.0, 'windspd_kmh': 0.0, 'windspd_kts': 0.0, 'windspd_ms': 0.0, 'winddir_deg': 280.0, 'winddir_compass': 'W', 'cloudtotal_pct': 75.0, 'vis_km': 5.0, 'vis_mi': 3.11, 'vis_desc': None, 'slp_mb': 1013.9, 'slp_in': 30.03, 'dewpoint_c': 19.0, 'dewpoint_f': 66.2}
2025-02-11 07:01:49,431 - INFO - Clima actualizado exitosamente: > 19.0°C | Rain
> Humedad: 100.0%
2025-02-11 07:04:21,142 - DEBUG - Intentando conectar a WeatherUnlocked...
2025-02-11 07:04:21,144 - DEBUG - Starting new HTTP connection (1): api.weatherunlocked.com:80
2025-02-11 07:04:21,644 - DEBUG - http://api.weatherunlocked.com:80 "GET /api/current/2.4448,-76.6147?app_id=e2c5c5e4&app_key=519d24835c42f18e42f8bfc8f64c3e6a HTTP/1.1" 200 450
2025-02-11 07:04:21,645 - DEBUG - Código de estado HTTP: 200
2025-02-11 07:04:21,646 - DEBUG - URL completa: http://api.weatherunlocked.com/api/current/2.4448,-76.6147?app_id=e2c5c5e4&app_key=519d24835c42f18e42f8bfc8f64c3e6a
2025-02-11 07:04:21,646 - DEBUG - Respuesta: {'lat': 3.55, 'lon': -76.38, 'alt_m': 961.0, 'alt_ft': 3152.89, 'wx_desc': 'Rain', 'wx_code': 62, 'wx_icon': 'ModRainSwrsNight.gif', 'temp_c': 19.0, 'temp_f': 66.2, 'feelslike_c': 24.94, 'feelslike_f': 76.88, 'humid_pct': 100.0, 'windspd_mph': 0.0, 'windspd_kmh': 0.0, 'windspd_kts': 0.0, 'windspd_ms': 0.0, 'winddir_deg': 280.0, 'winddir_compass': 'W', 'cloudtotal_pct': 75.0, 'vis_km': 5.0, 'vis_mi': 3.11, 'vis_desc': None, 'slp_mb': 1013.9, 'slp_in': 30.03, 'dewpoint_c': 19.0, 'dewpoint_f': 66.2}
2025-02-11 07:04:21,647 - INFO - Clima actualizado exitosamente: > 19.0°C | Rain
> Humedad: 100.0%
2025-02-11 07:07:15,254 - DEBUG - Intentando conectar a WeatherUnlocked...
2025-02-11 07:07:15,256 - DEBUG - Starting new HTTP connection (1): api.weatherunlocked.com:80
2025-02-11 07:07:15,781 - DEBUG - http://api.weatherunlocked.com:80 "GET /api/current/2.4448,-76.6147?app_id=e2c5c5e4&app_key=519d24835c42f18e42f8bfc8f64c3e6a HTTP/1.1" 200 450
2025-02-11 07:07:15,782 - DEBUG - Código de estado HTTP: 200
2025-02-11 07:07:15,782 - DEBUG - URL completa: http://api.weatherunlocked.com/api/current/2.4448,-76.6147?app_id=e2c5c5e4&app_key=519d24835c42f18e42f8bfc8f64c3e6a
2025-02-11 07:07:15,783 - DEBUG - Respuesta: {'lat': 3.55, 'lon': -76.38, 'alt_m': 961.0, 'alt_ft': 3152.89, 'wx_desc': 'Rain', 'wx_code': 62, 'wx_icon': 'ModRainSwrsNight.gif', 'temp_c': 19.0, 'temp_f': 66.2, 'feelslike_c': 24.94, 'feelslike_f': 76.88, 'humid_pct': 100.0, 'windspd_mph': 0.0, 'windspd_kmh': 0.0, 'windspd_kts': 0.0, 'windspd_ms': 0.0, 'winddir_deg': 280.0, 'winddir_compass': 'W', 'cloudtotal_pct': 75.0, 'vis_km': 5.0, 'vis_mi': 3.11, 'vis_desc': None, 'slp_mb': 1013.9, 'slp_in': 30.03, 'dewpoint_c': 19.0, 'dewpoint_f': 66.2}
2025-02-11 07:07:15,784 - INFO - Clima actualizado exitosamente: > 19.0°C | Rain
> Humedad: 100.0%
2025-02-11 07:15:38,611 - DEBUG - Intentando conectar a WeatherUnlocked...
2025-02-11 07:15:38,612 - DEBUG - Starting new HTTP connection (1): api.weatherunlocked.com:80
2025-02-11 07:15:39,181 - DEBUG - http://api.weatherunlocked.com:80 "GET /api/current/2.4448,-76.6147?app_id=e2c5c5e4&app_key=519d24835c42f18e42f8bfc8f64c3e6a HTTP/1.1" 200 450
2025-02-11 07:15:39,182 - DEBUG - Código de estado HTTP: 200
2025-02-11 07:15:39,183 - DEBUG - URL completa: http://api.weatherunlocked.com/api/current/2.4448,-76.6147?app_id=e2c5c5e4&app_key=519d24835c42f18e42f8bfc8f64c3e6a
2025-02-11 07:15:39,183 - DEBUG - Respuesta: {'lat': 3.55, 'lon': -76.38, 'alt_m': 961.0, 'alt_ft': 3152.89, 'wx_desc': 'Rain', 'wx_code': 62, 'wx_icon': 'ModRainSwrsNight.gif', 'temp_c': 19.0, 'temp_f': 66.2, 'feelslike_c': 24.94, 'feelslike_f': 76.88, 'humid_pct': 100.0, 'windspd_mph': 0.0, 'windspd_kmh': 0.0, 'windspd_kts': 0.0, 'windspd_ms': 0.0, 'winddir_deg': 280.0, 'winddir_compass': 'W', 'cloudtotal_pct': 75.0, 'vis_km': 5.0, 'vis_mi': 3.11, 'vis_desc': None, 'slp_mb': 1013.9, 'slp_in': 30.03, 'dewpoint_c': 19.0, 'dewpoint_f': 66.2}
2025-02-11 07:15:39,184 - INFO - Clima actualizado exitosamente: > 19.0°C | Rain
> Humedad: 100.0%
2025-02-11 12:35:31,129 - DEBUG - Intentando conectar a WeatherUnlocked...
2025-02-11 12:35:31,132 - DEBUG - Starting new HTTP connection (1): api.weatherunlocked.com:80
2025-02-11 12:35:31,716 - DEBUG - http://api.weatherunlocked.com:80 "GET /api/current/2.4448,-76.6147?app_id=e2c5c5e4&app_key=519d24835c42f18e42f8bfc8f64c3e6a HTTP/1.1" 200 462
2025-02-11 12:35:31,716 - DEBUG - Código de estado HTTP: 200
2025-02-11 12:35:31,717 - DEBUG - URL completa: http://api.weatherunlocked.com/api/current/2.4448,-76.6147?app_id=e2c5c5e4&app_key=519d24835c42f18e42f8bfc8f64c3e6a
2025-02-11 12:35:31,717 - DEBUG - Respuesta: {'lat': 3.55, 'lon': -76.38, 'alt_m': 961.0, 'alt_ft': 3152.89, 'wx_desc': 'Shower In Vicinity', 'wx_code': 1, 'wx_icon': 'PartlyCloudyDay.gif', 'temp_c': 23.0, 'temp_f': 73.4, 'feelslike_c': 23.78, 'feelslike_f': 74.8, 'humid_pct': 83.0, 'windspd_mph': 0.0, 'windspd_kmh': 0.0, 'windspd_kts': 0.0, 'windspd_ms': 0.0, 'winddir_deg': 360.0, 'winddir_compass': 'N', 'cloudtotal_pct': 75.0, 'vis_km': 8.0, 'vis_mi': 4.97, 'vis_desc': None, 'slp_mb': 1015.9, 'slp_in': 30.08, 'dewpoint_c': 19.96, 'dewpoint_f': 67.93}
2025-02-11 12:35:31,717 - INFO - Clima actualizado exitosamente: > 23.0°C | Shower In Vicinity
> Humedad: 83.0%
2025-02-11 13:10:32,790 - DEBUG - Intentando conectar a WeatherUnlocked...
2025-02-11 13:10:32,793 - DEBUG - Starting new HTTP connection (1): api.weatherunlocked.com:80
2025-02-11 13:10:33,409 - DEBUG - http://api.weatherunlocked.com:80 "GET /api/current/2.4448,-76.6147?app_id=e2c5c5e4&app_key=519d24835c42f18e42f8bfc8f64c3e6a HTTP/1.1" 200 462
2025-02-11 13:10:33,410 - DEBUG - Código de estado HTTP: 200
2025-02-11 13:10:33,411 - DEBUG - URL completa: http://api.weatherunlocked.com/api/current/2.4448,-76.6147?app_id=e2c5c5e4&app_key=519d24835c42f18e42f8bfc8f64c3e6a
2025-02-11 13:10:33,411 - DEBUG - Respuesta: {'lat': 3.55, 'lon': -76.38, 'alt_m': 961.0, 'alt_ft': 3152.89, 'wx_desc': 'Shower In Vicinity', 'wx_code': 1, 'wx_icon': 'PartlyCloudyDay.gif', 'temp_c': 23.0, 'temp_f': 73.4, 'feelslike_c': 23.78, 'feelslike_f': 74.8, 'humid_pct': 83.0, 'windspd_mph': 0.0, 'windspd_kmh': 0.0, 'windspd_kts': 0.0, 'windspd_ms': 0.0, 'winddir_deg': 360.0, 'winddir_compass': 'N', 'cloudtotal_pct': 75.0, 'vis_km': 8.0, 'vis_mi': 4.97, 'vis_desc': None, 'slp_mb': 1015.9, 'slp_in': 30.08, 'dewpoint_c': 19.96, 'dewpoint_f': 67.93}
2025-02-11 13:10:33,411 - INFO - Clima actualizado exitosamente: > 23.0°C | Shower In Vicinity
> Humedad: 83.0%
2025-02-11 13:34:03,064 - DEBUG - Intentando conectar a WeatherUnlocked...
2025-02-11 13:34:03,067 - DEBUG - Starting new HTTP connection (1): api.weatherunlocked.com:80
2025-02-11 13:34:03,707 - DEBUG - http://api.weatherunlocked.com:80 "GET /api/current/2.4448,-76.6147?app_id=e2c5c5e4&app_key=519d24835c42f18e42f8bfc8f64c3e6a HTTP/1.1" 200 460
2025-02-11 13:34:03,708 - DEBUG - Código de estado HTTP: 200
2025-02-11 13:34:03,708 - DEBUG - URL completa: http://api.weatherunlocked.com/api/current/2.4448,-76.6147?app_id=e2c5c5e4&app_key=519d24835c42f18e42f8bfc8f64c3e6a
2025-02-11 13:34:03,709 - DEBUG - Respuesta: {'lat': 3.55, 'lon': -76.38, 'alt_m': 961.0, 'alt_ft': 3152.89, 'wx_desc': 'Mostly cloudy', 'wx_code': 1, 'wx_icon': 'PartlyCloudyDay.gif', 'temp_c': 24.0, 'temp_f': 75.2, 'feelslike_c': 24.83, 'feelslike_f': 76.7, 'humid_pct': 74.0, 'windspd_mph': 0.0, 'windspd_kmh': 0.0, 'windspd_kts': 0.0, 'windspd_ms': 0.0, 'winddir_deg': 340.0, 'winddir_compass': 'NNW', 'cloudtotal_pct': 75.0, 'vis_km': 10.0, 'vis_mi': 6.21, 'vis_desc': None, 'slp_mb': 1014.9, 'slp_in': 30.05, 'dewpoint_c': 19.09, 'dewpoint_f': 66.35}
2025-02-11 13:34:03,709 - INFO - Clima actualizado exitosamente: > 24.0°C | Mostly cloudy
> Humedad: 74.0%
2025-02-11 13:43:26,726 - DEBUG - Intentando conectar a WeatherUnlocked...
2025-02-11 13:43:26,728 - DEBUG - Starting new HTTP connection (1): api.weatherunlocked.com:80
2025-02-11 13:43:26,018 - DEBUG - http://api.weatherunlocked.com:80 "GET /api/current/2.4448,-76.6147?app_id=e2c5c5e4&app_key=519d24835c42f18e42f8bfc8f64c3e6a HTTP/1.1" 200 460
2025-02-11 13:43:26,019 - DEBUG - Código de estado HTTP: 200
2025-02-11 13:43:26,020 - DEBUG - URL completa: http://api.weatherunlocked.com/api/current/2.4448,-76.6147?app_id=e2c5c5e4&app_key=519d24835c42f18e42f8bfc8f64c3e6a
2025-02-11 13:43:26,020 - DEBUG - Respuesta: {'lat': 3.55, 'lon': -76.38, 'alt_m': 961.0, 'alt_ft': 3152.89, 'wx_desc': 'Mostly cloudy', 'wx_code': 1, 'wx_icon': 'PartlyCloudyDay.gif', 'temp_c': 24.0, 'temp_f': 75.2, 'feelslike_c': 24.83, 'feelslike_f': 76.7, 'humid_pct': 74.0, 'windspd_mph': 0.0, 'windspd_kmh': 0.0, 'windspd_kts': 0.0, 'windspd_ms': 0.0, 'winddir_deg': 340.0, 'winddir_compass': 'NNW', 'cloudtotal_pct': 75.0, 'vis_km': 10.0, 'vis_mi': 6.21, 'vis_desc': None, 'slp_mb': 1014.9, 'slp_in': 30.05, 'dewpoint_c': 19.09, 'dewpoint_f': 66.35}
2025-02-11 13:43:26,021 - INFO - Clima actualizado exitosamente: > 24.0°C | Mostly cloudy
> Humedad: 74.0%
